"seq","target","pred","pred-score"
"KLGAAASSPDAHVPFCFGKD",1,1,1.2655
"ETINEEAAEWDRVHPVHAGP",1,1,1.3145
"GAAGSTMGAASMTLTVQARQ",1,1,1.1571
"AAAAAGTGNSSQVSQNYPIV",1,1,1.237
"GGHQAAMQMLKETINEEAAE",1,1,0.9343
"NTAATNAACAWLEAQEEEEV",1,1,1.1649
"KRAGHTEAAVDLSRLAGLYP",1,1,1.2432
"AAVDLSHFLKEKGGLEGLIH",1,1,1.2049
"VWATHACVPTDPNPQEVVLV",1,1,1.0431
"ACVPTDPNPQEVVLVNVTEN",1,1,1.3497
"HGPADAPPGSPAPPPPEHRG",1,1,1.4114
"PKGYVGAEFPLDITAGTEAA",1,1,1.2675
"ADNATAEGRAINRRVEAEVE",1,1,1.3013
"NATAIAVAEGTDRVIEVVQG",1,1,1.2055
"RSKYGWTAFCGPVGAHGQSS",1,1,1.2485
"QRGPGRAFVTIGKIGNMRQA",1,1,1.0517
"FEGAGDGEPPEDDDSATGLA",1,1,1.3727
"GLYRTGTSVNCIVEEVEARS",1,0,0.3182
"PGPQGLAGQRGIVGLPGQRG",1,1,1.2218
"RQAHCNISRAKWNNTLKQID",1,1,1.0819
"QMVHQAISPRTLNAWVKVVE",1,1,1.0186
"VSATHAKSSPYQKKTENPCA",1,1,1.3428
"YIETSAKTRQGVEDAFYTLV",1,1,1.1134
"PGLLRSDALEAYAYTGEGVT",1,1,1.0287
"AISALPDYASQPGKPPREDL",1,1,1.324
"WQEVGKAMYAPPISGQIRCS",1,1,1.1921
"LANDVDNSNPVVQAEQLNWL",1,1,1.3775
"VGDVLIREKLNEFAKSVKEH",1,1,1.3146
"IPIHYCAPAGFAILKCNNKT",1,1,1.2914
"FQQAGVLFAPGKAANAGGVA",1,1,1.0882
"PSQLPPTAPPLLPHSNLDHI",1,1,1.2314
"RQPEAPAPQPPAGRELSAAA",1,1,1.3687
"WLEAQEEEEVGFPVTPQVPL",1,1,1.1709
"CKTCTTPAQGNSMFPSCCCT",1,1,1.2571
"AQQHLLQLTVWGIKQLQARI",1,1,0.9949
"THQKAFIARGLTEALTRVIA",1,1,1.099
"EPGLPGARGLTGRPGDAGPQ",1,1,1.1929
"RYLKDQQLLGIWGCSGKLIC",1,1,1.1053
"TRGTARTPPTDPKTHPHGPA",1,1,1.373
"RFELTNEASDLMYHLLVLLQ",1,1,0.9639
"ALENAASIAGMFLTTECVIA",1,1,1.0273
"QFGNNKTIIFKQSSGGDPEI",1,1,1.1644
"RFVNASPTGYDWRADWVKGF",1,1,1.1665
"SLGASPYPNLSNQQTREFVE",1,1,1.1428
"TEKLWVTVYYGVPVWKEATT",1,1,1.2142
"DDSATGLAFRTPNPNKPPPA",1,1,1.3007
"LQRATIRRGDAPAGGAVPGG",1,1,1.2593
"ALSEGATPQDLNTMLNTVGG",1,1,1.1779
"IHSSCNATQRRQIEAGLNEA",1,1,1.1353
"LQARILAVERYLKDQQLLGI",1,1,1.1707
"VVAVLAYNDAYVMSAWGKAN",1,1,0.8869
"SEYNFAVNELSKSSFNQAAI",1,1,1.2775
"DKTAVNGNMALDDIHAQIVT",1,1,1.2444
"GFTAGVKAVNPNAQIDVQYA",1,1,1.1389
"AVQAFILTGGKSKQTEGLLL",1,1,0.9854
"AQLNAWGCAFRQVCHTTVPW",1,1,1.2803
"EWLSFKGAWGDKQLRPRDPR",1,1,1.2802
"FGKADCDRPPKHSQNGMGKD",1,1,1.1957
"CGIPINYNASKEWADKKVIL",1,1,1.2574
"CHHLDKSIKEDVQFADSRIR",1,1,1.2615
"NRFLVGCHPSDGKCNLYADS",1,1,0.8227
"VEQMCITQYQRESQAYYQRG",1,1,1.3043
"QQACKGKIQALCENPEWAPL",1,1,1.3299
"SPTSNHSPTSCPPTCPGYRW",1,1,1.3029
"SIVSPFIPLLPIFFCLWVYI",1,1,0.4528
"KWGCQPLGAYPDPEIEYRNV",1,1,1.3203
"LLGIWGCSGKLICTTAVPWN",1,1,1.0232
"EGKVILVAVHVASGYIEAEV",1,1,1.0609
"GFDLVLLGCSTWGDDSIELQ",1,1,1.204
"CSVTCGVGVRVRRRVNAANK",1,1,1.2946
"IPAQGTSMFPSCCCTKPSDG",1,1,1.3197
"MFPSCCCTKPTDGNCTCIPI",1,1,1.2669
"CTKPTDGNCTCIPIPSSWAF",1,1,1.2302
"GKLICTTAVPWNASWSNKSL",1,1,1.1865
"CVKLSPLCITMRCNKSETDK",1,1,1.3028
"LKPCVKLTPLCVSLKCTDLK",1,1,1.1269
"CQCWRKDPEERPTFKYLQAQ",1,1,1.3293
"NCYKKVWRDHRGTIIERGCG",1,1,1.2669
"DDFHTDEDKLDTNSVYEPYY",1,1,1.4567
"DEDKLDTNSVYEPYYHSDHA",1,1,1.3611
"DEMEECSQHLPYIEQGMMLA",1,1,1.2166
"QPGDRADGQPAGDRADGQPA",1,1,1.3965
"NLLLAWLEDHFADEVNWDAV",1,1,0.8015
"PKDTQYDIGFTESTLLDGSG",1,1,1.2798
"IINQDPDKILTYIAADHCPV",1,1,1.2556
"DKVEEANKGENTSLLHPVSL",1,1,1.2624
"DLDANGILNVSAEEKGTGKR",1,1,1.1804
"LTPPVSDLKYSWKTWGKAKI",1,1,1.2492
"KCDLPSRTVDTKQAQELARS",1,1,1.327
"HGSGMDLYKSNHNNVYWLTI",1,1,1.1628
"TIMTVDNPASTTNKDKLFAV",1,1,1.1993
"GAVVIQDNSDIKVVPRRKAK",1,1,1.2065
"ADNTRTSGDNAPVSCLGEHH",1,1,1.2279
"CFGDTVSSDPAFSIPIKQES",1,1,1.2851
"WQGDPIPEELYKMLSGHSIR",1,1,1.2639
"PPTDPKTHPHGPADAPPGSP",1,1,1.4596
"FHQTLQDPRVRGLYLPAGGS",1,1,0.8906
"PDRPEGIEEEGGERDRDRSI",1,1,1.3222
"APGFGDRRKAMLQDIATLTG",1,1,1.0715
"EAAEWDRVHPVHAGPIAPGQ",1,1,1.206
"FCVLADSESGGHITHSGMEG",1,1,1.1088
"DTNSVYEPYYHSDHAESSWV",1,1,1.3925
"TTPTAADTPTATESISPSPP",1,1,1.3664
"PALADVPYVLVKTNMVVTSV",1,1,1.1472
"RDHGLPATDVYAMAQVEGAG",1,1,0.9389
"IHFGNDYEDRYYRENMYRYP",1,1,1.3589
"QGMLPVCPLIPGSSTTSTGP",1,1,1.2091
"SEAARCIDGAFTPKNRTAAD",1,1,1.0691
"VNDAMKYEADDRAQRDRVEA",1,1,1.2047
"EAEAAVERVYRERYNGTHVL",1,1,1.3414
"EKEAPTTDFYLKNNKGDATL",1,1,1.3037
"LEYTEDEVVSSDFVGSTSSS",1,1,1.2904
"FEDIHQYREQIKRVKDSDDV",1,1,1.2298
"LARLIEDNEYTARQGAKFPI",1,1,1.138
"EEDSGSNGKKITCECTKPDS",1,1,1.4009
"VSAEDYITLISDPYGFSPIK",1,1,1.1939
"SEEEDEIDGPAGQAEPDRAH",1,1,1.4776
"AAAKKEEEEEDDDMGFGLFD",1,1,1.2575
"NVEHDAEENVEHDAEENVEE",1,1,1.41
"NVEEVIDTMKSMQRDEDIFL",1,1,0.5729
"PMFSALSEGATPQDLNTMLN",1,1,1.162
"EGLFAAAAPKPGPRRARRAA",1,1,1.4003
"EGLLLLDVTPLTLGIETAGG",1,0,0.231
"APVQEGVQQEGAQQPAPATA",1,1,1.3506
"IRPQPMEHKYSWKSWGKAKI",1,1,1.2548
"PPIPVGEIYKRWIILGLNKI",1,1,1.2208
"FIKPEVKPGTPAQEIEMLKR",1,1,1.3497
"GKKADELEKIRLRPSGKKKY",1,1,1.2718
"VYQELDCWHYQHYCVTSTRS",1,1,1.2572
"ELDGQEYVVEFDFLGKDSIR",1,1,1.3283
"KNEQELLELDKWASLWNWFN",1,1,1.3368
"SVLSGGELDRWEKIRLRPGG",1,1,1.2196
"AMQELGCNQNQFFCKIPLEL",1,1,1.2605
"INNLMVELIRGTGSYNRSSF",1,1,1.1665
"LTPQPMELKYSWKTWGLAKI",1,1,1.189
"PNRNVDENANANNAVKNNNN",1,1,1.3194
"LVNVTENFDMWKNDMVEQMH",1,1,1.2637
"TNMENITSGFLGPLLVLQAG",1,1,0.88
"VGHFENVVGADKSSILFLCD",1,1,1.2417
"ALEPAKNHLEFSSAETVLKH",1,1,0.9424
"PKVSFEPIPIHYCAPAGFAI",1,1,0.9669
"KSLEQIWNNMTWMEWDREIN",1,1,1.1347
"LIAEKEQLRRRREQLKHNLE",1,1,0.655
"EQMHEDIISLWDQSLKPCVK",1,1,0.8519
"MTEQQWNFAGIEAAASAIQG",1,1,1.4615
"GIEEEGGERDRDRSIRLVNG",1,1,1.2849
"THNVLERQRRNELKLRFFAL",1,1,1.0021
"ETAGGVMTALIKRNTTIPTK",1,1,0.8827
"MQMLKETINEEAAEWDRVHP",1,1,1.2501
"TYLARGGFVVAFRPMLSNEL",1,1,0.372
"NKTEEVCVRQLKAIANKIKS",1,1,1.3326
"DTEVHNVWATHACVPTDPNP",1,1,1.367
"DPNPQEVVLVNVTENFNMWK",1,1,1.3289
"RFDSRLAFHHVARELHPEYF",1,1,1.1126
"GKVQKEYAFFYKLDIIPIDN",1,1,1.2504
"EYAFFYKLDIIPIDNDTTSY",1,1,1.2785
"IIHAVIQEYMLDKINRRMHF",1,1,1.1252
"TPTLHEYMLDLQPETTDLYC",1,1,1.4413
"GPEEFEGAGDGEPPEDDDSA",1,1,1.4033
"FFTEEFKRKNKGKNLASSHR",1,1,1.2849
"SRSVFHQNGQVTEVTTATGI",1,1,1.2903
"TGADIKFKDGQYYLDVKGGA",1,1,0.9772
"SVSSSTLQEQMELQPDSWWK",1,1,1.186
"FKQSSGGDPEIVTHSFNCGG",1,1,1.2896
"ILFLDGIDKAQDEHEKYHSN",1,1,1.1721
"FLENAHEHHGVYNQGRGIDS",1,1,1.0923
"PLRMFLGPKQLTFEGKPALE",1,1,1.2193
"ADHNTFGSVIPATGPLFTGT",1,1,1.1177
"LTFLRTEGARLRMKTLLQMV",1,1,1.101
"FLRTQHVTVAWDWVPKRKNV",1,0,0.266
"STWFNSTWSTEGSNNTEGSD",1,1,1.2639
"HYLLEFPTFPDGHDYKFDSK",1,1,1.279
"NSSSSQFQIHGPRQWSKLVS",1,1,1.2604
"GPKEPFRDYVDRFYKTLRAE",1,1,1.3444
"QDSFSADLDQFPLGRKFLMQ",1,1,0.826
"FTNTSGFANKTQDVLLVAQY",1,1,1.3928
"QMFCFWRGDLVFDFQVFPTK",1,1,1.2385
"AADGVGAASRDLEKHGALTS",1,1,1.2643
"GAASRDLEKHGAITSSNTAA",1,1,1.0015
"GAFDLKTTFCIMTTRNTGQP",1,1,1.261
"YKLVVVGAGGVGKSALTIQL",1,1,1.1935
"AGKEGAIIFQQVMSRSANEG",1,1,1.1486
"GDAKKKKDGKKAEPKNPREN",1,1,1.4379
"IRRGDAPAGGAVPGGAVPGG",1,1,0.5463
"GDLVGPGCAEYAAANPTGPA",1,1,1.0417
"NCGGEFFYCNSTQLFNSTWF",1,1,1.1936
"GERLMQPTQMSAQEDLGDDT",1,0,0.0991
"QRSPPGERTRGRQPGDYDDD",1,1,1.1715
"GDMVDIGFGAMDFKTLQESK",1,1,1.2357
"APAGGAVPGGAVPGGAVPGG",1,1,0.5404
"AVPGGAVPGGFGPGGFGPVL",1,1,0.7628
"SEIFRPGGGDMRDNWRSELY",1,1,1.2803
"GGDMRDNWRSELYKYKVVKI",1,1,1.2765
"VPGGAVPGGFGPLLDGWYGV",1,1,1.1436
"GGFGPGGFGPVLDGWYGVDV",1,1,0.7913
"GGPGAANGPAGDGDAGGRVT",1,1,1.339
"CQGVGGPGHKARVLAEAMSQ",1,1,1.1549
"GIITGTLRITNPVRASVLRY",1,0,0.2964
"GIKQLQARILAVERYLKDQQ",1,1,0.9762
"TDYIVPGIPDGWPDTTIPGE",1,1,1.2837
"SSSGISTNTSGSRSFLPTFS",1,1,1.2854
"NKVFCGIVAHQRGNQGDLRL",1,1,1.0479
"SQNGMGKDDHYLLEFPTFPD",1,1,1.2346
"KQIRAYMDGKIPVATVSNES",1,1,1.1383
"FEGKPALELIRMVECSGKQD",1,1,1.206
"GLFHKEKMILNEEEITTKGA",1,1,1.4184
"LTRDGGNSNNESEIFRPGGG",1,1,1.0653
"KGNAEKYDKMDEPQHYGKSN",1,1,1.3663
"WKGPAKLLWKGEGAVVIQDK",1,1,1.1318
"ACYCYKVPDHVRTKGPGRCN",1,1,1.3632
"KSIRIQRGPGRAFVTIGKIG",1,1,0.9999
"RRHIHIGPGRAFYTGEIRGN",1,1,1.1901
"PENKGTGQHGHMHGSRNNHP",1,1,1.2752
"ILGQLQPSLQTGSEELRSLY",1,1,1.0638
"QPDGGQPAVRNERATGSGNG",1,1,1.3007
"RAIVLTGSGRAFCSGQDLGD",1,1,1.0842
"EEGRTKRYALVIDHGKITYA",1,1,0.7005
"IPGRVSTEVDARLSFDKDAM",1,1,1.0814
"SDIAGTTSTLQEQIGWMTNN",1,1,1.2224
"SRPLIHFGSDYEDRYYRENM",1,1,1.3316
"GWCGSTDEYCSPDHNCQSNC",1,1,1.4268
"CKCYTTGTIINQDPDKILTY",1,1,1.3015
"TSGTQGVGSPQILVESPTVL",1,1,1.2566
"VTVYYGVPVWKEATTTLFCA",1,1,1.2208
"VNIVGYSNAQGVDYWIVRNS",1,1,1.0436
"PVHAGPIAPGQMREPRGSDI",1,1,0.9295
"HEHHGVYNQGRGIDSGERLM",1,1,1.1718
"HGMDDPEREVLEWRFDSRLA",1,1,1.277
"KWREEESHKYSWKQKYYKGL",1,1,1.2881
"QTHLPIPRGPDRPEGIEEEG",1,1,1.2937
"CEYNVFHNKTFELPRARVNT",1,1,1.2978
"KRLFKESQHRGFTIRQSRRI",1,1,1.2101
"HSDHAESSWVNRGESSRKAY",1,1,1.3485
"RGSNHSDQTIICDLSFVTRR",1,1,0.8225
"HSGVVPNISKAMAKKKGGKK",1,1,0.9343
"APPLLPHSNLDHILEPSIPW",1,1,1.1858
"SATTDANSHCHTHADGEVHC",1,1,1.295
"TTDDVYTALGSAGLYRTGTS",1,1,0.4308
"VEVVLADPNHWRFQGGKWVT",1,1,1.2091
"GSLKELVLHYQHASLVQHND",1,1,0.6742
"VCGIAAKLGAAASSPDAHVP",1,1,1.1938
"IAYGLDKGDDGKERNVLIFD",1,1,1.1761
"TASVDPVIDLLQADGNALPS",1,1,1.3692
"VIFLHQGKIEEEGDPEQVFG",1,1,1.0284
"YKVVKIEPLGVAPTKAKRRV",1,1,1.2669
"KRIHIGPGRAFYTTKNIIGT",1,1,1.0042
"NNVRRRHIHIGPGRAFYTGE",1,1,1.1792
"TRSIHIGPGRAFYATGDIIG",1,1,1.0026
"SLIEESQNQQEKNEQELLEL",1,1,1.3129
"ELVNQIIEQLIKKEKVYLAW",1,1,1.3011
"KQIINMWQKVGKAMYAPPIS",1,1,1.0861
"IIPDREVLYREFDEMEECSQ",1,1,1.3405
"KTAAESAILEGKEIVSSATP",1,1,0.9822
"GRLETILGWPLAERTVVIPS",1,1,1.1604
"KTILKALGPAATLEEMMTAC",1,1,1.2722
"QLNQSVEINCTRPNNNTRKS",1,1,1.3145
"QDRINGSKGINGTLWGELNS",1,1,1.1944
"TTTSTGPCKTCTTPAQGNSM",1,1,1.2141
"GNCTCIPIPSSWAFAKYLWE",1,1,1.2012
"IQRHYTDEDPEKEKRIKELE",1,1,0.7002
"PGPIRPTLPPGILGPLAPNT",1,1,1.0989
"ASGQEAAAIRRAVGSGFSIV",1,1,1.3242
"ISTSIRGKVQKEYAFFYKLD",1,1,1.17
"NGTGNDITTATGYDTADIIK",1,1,1.1779
"IVEEVEARSVYPYDSFALST",1,1,0.4563
"SPTSILDIRQGPKEPFRDYV",1,1,1.2163
"NPFILIYDKKISVLKEMLPI",1,1,1.0287
"NNNTRKSIYIGPGRAFHTTG",1,1,1.2157
"VVPRRKAKIIRDYGKQMAGD",1,1,1.1131
"AGLKAKPKFTLGKRKATPTT",1,1,1.3815
"KAMYAPPISGQIRCSSNITG",1,1,0.6472
"ENAKATYEAALKQYEADLAA",1,1,1.4305
"SCDKCQLKGEAMHGQVDCSP",1,1,1.2995
"INAFYKDNPHPKGSRIVINR",1,1,1.169
"SQVRLLWKDPRNVGWKDKTS",1,1,0.8641
"TKELQKQITKIQNFRVYYRD",1,1,0.6712
"ALLERAKAKEVTSVFELLEL",1,1,0.6927
"ENTSLLHPVSLHGMDDPERE",1,1,1.0967
"ISKAMAKKKGGKKGKATPSA",1,1,0.9328
"MCFITKGLGISYGRKKRRQR",1,1,0.9475
"ASRKGLRRDLDASREAKKQV",1,1,1.2614
"LAVSKGNCSGPTTIRGQFSN",1,1,1.09
"LLTELTTKGRVPYPGMGNGE",1,1,1.2829
"KKFSGKGSCKNVSTVQCTHG",1,1,1.1933
"LRKRREQLKHKLEQLRNSCA",1,1,1.0845
"KHRKFKHTHDKTALKETLGA",1,1,0.5772
"IEPLGVAPTKAKRRVVQREK",1,1,1.2453
"GDYVWKISEFYGRKPEGTYY",1,1,1.1823
"QNKSKKKAQQAAADTGHSSQ",1,1,1.3032
"PIFAIKKKDSTKWRKLVDFR",1,1,0.4755
"TETDLSFKKGERLQIVNNTE",1,1,1.3062
"NNNTKKGIAIGPGRTLYARE",1,1,1.2042
"QEAQVMKKLRHEKLVQLYAV",1,1,0.9388
"KHIVWASRELERFAVNPGLL",1,1,1.2926
"KNMSTYVDYIINQIDSDNKL",1,1,1.4411
"KLRKPKHKKLKQPGDGNPDP",1,1,1.236
"ITKTPTAWKPNYAPANCPKS",1,1,1.1952
"NPNKPPPARPGPIRPTLPPG",1,1,1.353
"MKPQEEKEKITKEILNGKVP",1,1,0.8666
"KPVVGVLMGFGIITGTLRIT",1,0,0.2508
"FFFWKKVKRIHIVRKFRKFI",1,1,0.8343
"RPNYNKRKRIHIGPGRAFYT",1,1,1.3069
"WKDIAFIKSITKMPIVIKGV",1,1,0.5428
"RPNNNTRKSITKGPGRVIYA",1,1,1.2791
"SLAQVIRCKTGKYFPASVES",1,1,1.0236
"KTLRAEQASQEVKNWMTETL",1,1,0.8751
"KWREADEMLRDESRGNFRFT",1,1,0.3761
"QGEGLKYLGFVQDAATYAVT",1,1,1.3231
"ESMKYLRGAKSQYGGIKDKN",1,1,1.1698
"PGHKARVLAEAMSQVTNSTT",1,1,1.0043
"NGSLAEEEVVIRSANFTDNA",1,1,1.1957
"DALLAGKIRGRFCVPYPFAL",1,1,1.0241
"RDNLAPMSDGAVQPDGGQPA",1,1,1.3132
"IRNLDMVEHMTGECVQRPQR",1,1,0.8302
"RNVGGDLDPSSIPDKEQAIS",1,1,1.3533
"LEEMMTACQGVGGPGHKARV",1,1,1.1393
"HMTNYLEQPVSNDLSNCMVA",1,1,1.2469
"VYSKDDALETDELVLHVDIE",1,1,1.3537
"PGLLETSEGCRQILGQLQPS",1,1,1.1001
"LFCASDAKAYDTEVHNVWAT",1,1,1.2102
"KLFIMIVGGLVGLRIVFAVL",1,0,0.3061
"CPGQLFVKVAPNLTNEYDPD",1,1,1.1463
"IVSLIEESAIINAGAPEIVP",1,1,1.3678
"TFNLIGCIERTHVFCHTGHP",1,1,1.1331
"VSEVSALKTAAESAILEGKE",1,1,1.2459
"LNHLKSEMEQRLRERDEELE",1,1,1.4494
"LNKSINPDEAVAYGAAVQAF",1,1,1.1957
"LPEFGGDTAYSDDFFVGRVG",1,1,0.8209
"VLEEMSLPGRWKPKMIGGIG",1,1,0.941
"IPRGPDRPEGIEEEGGERDR",1,1,1.3142
"LLDYQGMLPVCPLIPGSTTT",1,1,1.1338
"QNVPLSDCVIEEAEAAVERV",1,0,0.2561
"DKSGPLQPGVDIIEGPVKNV",1,1,1.3097
"QPDEGVTLRFGSKVPGTAME",1,1,1.1509
"LYMIYMSGLAVRVHVSKEEQ",1,1,1.0599
"PTLSEIKGVIVHRLEGVSYN",1,1,1.2287
"LSGKPAIIPDREVLYREFDE",1,1,1.2772
"TEVIPLTEEAELELAENREI",1,1,1.3117
"LTPLCVSLKCTDLKNDTNTN",1,1,1.2021
"FFLLTRILTIPQSLDSWWTS",1,1,0.5568
"ERLLTVGHPYYQVTVGDKTV",1,1,0.6916
"IFLLVLLDYQGMLPVCPLIP",1,1,0.6587
"EALATLVVNRLRGSLKICAV",1,1,1.2779
"TNWLWYIKLFIMIVGGLVGL",1,1,0.3975
"ANFEYLIPANADPVVTTQNI",1,1,1.2391
"SHLMAFAHNPPAGPLPGAGQ",1,1,0.8555
"SRLAFHHMARELHPEYYKDC",1,1,1.2154
"MATPRSAKKAARKSGSKSAK",1,1,1.1909
"VLEWRFDSRLAFHHVARELH",1,1,1.1395
"MGTVNKPVVGVLMGFGIITG",1,1,0.6255
"SVAMKPYEVTPTRMLVCGIA",1,1,1.155
"LQGMPGERGAAGIAGPKGDR",1,1,1.2399
"EVVEGMQFDRGYISPYMVTD",1,1,1.1755
"IKKMQTLWDEIMDINKRKYD",1,1,1.2023
"AMTEYKLVVVGARGVGKSAL",1,1,1.2181
"MTKDCHLLGTFDLSGIPPAP",1,1,1.477
"QIAANAGKEGAIIFQQVMSR",1,1,1.2832
"NVNPNANPNANPNANPNANP",1,1,1.356
"VPLSPRTLNAWVKLVEDKKF",1,1,1.2851
"LDDKCKNDGWAGYWRGSNHS",1,1,1.2884
"NDYDGFLENAHEHHGVYNQG",1,1,1.3214
"VNEREDERTLTKEYEDIVLK",1,1,1.2456
"VLVNEYGVEGGRVNAVGYGE",1,1,1.0601
"MMQRGNFRNQRKIVKCFNCG",1,1,0.9679
"QIPELENNEKAPKVVILKKA",1,1,1.3577
"VGLFGNNENQTKVSNGAFVP",1,1,0.9415
"RPNNNTRKRIRIQRGPGRAF",1,1,1.2829
"KIKFLNPDREYDFRDLTWCI",1,1,1.1693
"FRTPNPNKPPPARPGPIRPT",1,1,1.3723
"GWMTNNPPIPVGEIYKRWII",1,1,1.1843
"NPVRASVLRYDDFHTDEDKL",1,1,0.9382
"NQPGVHIQVFEGERAMTKDC",1,1,1.2691
"PNLSNQQTREFVEKGGRLPC",1,1,1.2071
"MVNREVLDQVERGYRMPCPP",1,1,0.9505
"QNSGCFRHLDEREECKCLLN",1,1,1.355
"KQPGNDNVDPNANPNVDPNA",1,1,1.339
"NTEVCYSNWFDITLKSNPTA",1,1,1.2024
"YQENWPWNTYHWPLWQMENV",1,1,1.1222
"GHITVNYQFVDCGDSFNPLF",1,1,0.7509
"APTQPPPAGTGDRLLNLVQG",1,1,1.2016
"AAPALDKLKLTGDEATGANI",1,1,1.3426
"LFLSDPDARFSKSIGWADEE",1,1,1.1338
"GAYPDPEIEYRNVSQEIVKE",1,1,1.3779
"GEPPEDDDSATGLAFRTPNP",1,1,1.3541
"YNRPEDDWASDYDLVQAIQC",1,1,1.2678
"IQRPERHNITVGNGTITGNC",1,1,0.4312
"PLQLVPEVQKPLHEQLWYHG",1,1,1.2613
"VTTPFHKDQTFTEYRKMHGG",1,1,1.2945
"DKWQFTSPFVPRADQTARRG",1,1,1.2436
"NSPFVPRADEPARKGKVHIP",1,1,1.2856
"LSLLVPFVQWFVGLSPTVWL",1,1,0.8117
"GAEIEIIAEVHPPPVYEGPE",1,1,1.3527
"DPGGPTLVSLHELPAETPYV",1,1,1.2103
"GLETRGNPGPQPPAKNMKNL",1,1,1.1148
"PIVQNIQGQMVHQAISPRTL",1,1,1.1979
"FPLPNPLPKPAKSPSASNST",1,1,1.3476
"PLQLPPLERLTLDCNEDCGT",1,1,1.0368
"EEAELELAENREILKEPVHG",1,1,1.2825
"PGSSPMEVMLRAVFMQQRPL",1,1,1.2658
"QGHNMPNDPNRNVDENANAN",1,1,1.4212
"INCTRPNNNTRKSIRIQRGP",1,1,1.2558
"DQLVNLHDFRSDEIEHLVVE",1,1,1.2403
"EETPPTTSSDSEEEQEDEEI",1,1,1.3957
"PSPPVDHGCLPEESASPARC",1,1,1.2848
"GVVPQWGGGGNHNGGGNSSG",1,1,1.319
"RNCKAPRKKGCWKCGKEGHQ",1,1,1.3665
"PRRARRAAPSAPGGPGAANG",1,1,1.3589
"DSSAHSTPSTPADSSAHSTP",1,1,1.3606
"PTNAAFSKLPASTIDELKTN",1,1,1.2773
"SKQPTSQPRGDPTGPKESKE",1,1,1.2937
"AKWAVPTTRTDDKLRMETCF",1,1,0.9709
"YKHNPLPVGREKFVVRPHFG",1,1,1.1637
"PAEPVPLQLPPLERLTLDCN",1,1,0.7653
"QRVTDNDVANIVRSLFVSGR",1,1,1.1154
"LANSVKELTSPVVAESPKKP",1,1,1.3231
"QDENPVVHFFKNIVTPRTPP",1,1,1.3573
"VPWNASWSNKSLEQIWNNMT",1,1,1.2821
"DSITIPYQGSGKGVSFQLVK",1,1,0.8577
"TWDANKPYSWRSKYGWTAFC",1,1,1.3136
"KQKQREEQAEPDGTEVADKA",1,1,1.3582
"RASAEHSQASTSSFPYYHIA",1,1,0.8598
"KLQERLAKLAGGVAVLYVGA",1,1,0.9653
"ENVDQGPGAPQGPGAPQGPG",1,1,1.3084
"HTQGYFPDWQNYTPGPGVRY",1,1,1.2399
"DAQIFNKPYWLQRAQGHNNG",1,1,0.6719
"VGDDFQKIEHVAKISANGDE",1,1,1.2602
"VEPGQLKLNWFKKGSSIGQM",1,1,1.2335
"CTATCPTYQLLGDELDGPRG",1,1,1.0986
"ARQLLSGIVQQQNNLLRAIE",1,1,1.072
"DGAVQPDGGQPAVRNERATG",1,1,1.3762
"QTLDQPLNLSLAAWPVRATA",1,1,1.0412
"QPTQMSAQEDLGDDTGIHVI",1,1,1.1105
"SQNQQEKNEQELLELDKWAS",1,1,1.3891
"QQIEGYYKRDMATGRRLKEP",1,1,1.3968
"TWNPIQQMSINVDNQFNYLP",1,1,1.1572
"DIRDQSRNWLPGPCYRQQRV",1,1,1.0922
"LRLCVQSTHVDIRTLEDLLM",1,1,1.1949
"CNATQYNQLSTGLQEAQLLA",1,1,1.2292
"AIASYRRAAIRASLIPTVNQ",1,1,0.6623
"EGIDDLRPFDARAFVDALLD",1,1,1.2644
"TNRALGLPPFLNSLPQSEGA",1,1,1.2624
"RARFEELCGDLFRSTIQPVE",1,1,1.1932
"FDMESRDLLKKGVDALANAV",1,1,1.2782
"FRVYYRDSRNPLWKGPAKLL",1,1,0.937
"NEYTAREGAKFPIKWTAPEA",1,1,1.2956
"LVREIRQYRLKKISKEEKTP",1,1,1.2175
"IRGRFCVPYPFALLKCTKWC",1,1,1.1445
"PKGARGAQGPPGATGFPGAA",1,1,1.2985
"RGIDSGERLMQPTQMSAQED",1,1,1.1996
"LETFTRHRQPRGWEQLEQCG",1,1,1.2788
"DDRHSTSSSEQEREGGRTPT",1,1,1.3717
"RIANFKIEPPGLFRGRGNHP",1,1,0.5202
"KSNLTQHQRIHIGDKSYECN",1,1,1.2753
"LAVERYLKDQQLLGIWGCSG",1,1,1.1521
"RKFNDSVVQSDMKHWPFKVT",1,1,1.0445
"VRKIEIVRKKPIFKKATVTL",1,1,1.1855
"PPQGSQTHQVSLSKQPTSQS",1,1,1.3619
"HMIQKTRKRKYFHHNQLDWD",1,1,0.86
"LTVVPPVRKYFGDVNPAPIP",1,1,1.2636
"VRLVPGDARLFKVTTPGDLA",1,1,1.2387
"VADFGLARLIEDNEYTARQG",1,1,1.154
"RLKKISKEEKTPGCVKIKKC",1,1,1.2109
"LGLNKIVRMYSPTSILDIRQ",1,1,1.2207
"IEYRNVSQEIVKEVYQENWP",1,1,1.2617
"CTHGIRPVVSTQLLLNGSLA",1,1,1.2357
"RPVVSTQLLLNGSLAEEEVV",1,1,1.2654
"TERQANFLGKIWPSYKGRPG",1,1,1.2911
"WYFGKITRRESERLLLNPEN",1,1,1.3462
"IKVIPRRKAKIIRDYGGRQE",1,1,1.2396
"MRRKVEQEGYPQESSKAGPP",1,1,1.3439
"NEGTRQARRNRRRRWRERQR",1,1,1.2541
"VAPTKAKRRVVQREKRAVGI",1,1,1.2256
"SNREVRRYTARLKEGDVFIM",1,1,1.0347
"VVIRSANFTDNAKTIIVQLN",1,1,1.1668
"LRSLCLFSYHRLRDLLLIVT",1,1,0.9564
"CSSPRTLDSEENDKRRTHNV",1,1,1.1483
"FTFEAGKKYTFTMRRAGMGD",1,1,1.0436
"RYNGTHVLSGSLETYLARGG",1,1,1.0727
"EDPEDSALLEDPVGTVAPQI",1,1,1.3927
"LKALSAPLKQIAANAGKEGA",1,1,1.3179
"SATFVSDSHTFALQNVPLSD",1,1,1.0804
"FGAMGVPGSAYCQPITTVTA",1,1,1.1859
"GMEGMGVSCTVTREDGTNRR",1,1,1.3311
"SFEDSDSGSDSGASSTASSS",1,1,1.2608
"KGNSVIPTEALKQNLDANGF",1,1,1.2662
"FGILLWETFSLGASPYPNLS",1,1,1.1163
"LPQSEGATNFGDIGVQQDKR",1,1,1.2883
"TTSENHGNYSAQVGASQAAK",1,1,1.3003
"KQTQSSSETQKSQNYQQIAA",1,1,1.3307
"FDYGRNYGVVYDALGYTDML",1,1,1.1088
"MAGRSGDSDEELIRTVRLIK",1,1,1.003
"SGGAGPAGGASSGPKVEEVD",1,1,0.6674
"DKKISGIKDFLPVLQQVAES",1,1,0.9897
"GPLKGILEYTEDEVVSSDFV",1,1,1.3144
"TASSSHQHTDSNPSATTDAN",1,1,1.3668
"FYVCPGSHRPREAKSCGGPD",1,1,1.3107
"VRMYSPTSILDIRQGPKEPF",1,1,1.2252
"RSKAFSNCYPYDVPDYASLR",1,1,1.3237
"NKMVDSKDVKIEVYLTTKKK",1,1,1.2607
"RILTIPQSLDSWWTSLNFLG",1,1,1.1944
"RSLGSLSVAEPAMIAECKTR",1,1,1.2894
"DLTASLMVALDSNNTMPFTP",1,1,1.1828
"WTSLNFLGGTTVCLGQNSQS",1,1,1.1522
"WASLWNWFNITNWLWYIKLF",1,1,0.7323
"KNESKYSNTFINNAYNMSIR",1,1,1.3756
"NWRAMASDFNLPPVVAKEIV",1,1,1.281
"VGMANPSPHQVYNVTWVITN",1,1,1.2427
"DINFSPLLGCIGSTCAEDGN",1,1,1.2263
"SQHLPYIEQGMMLAEQFKQK",1,1,1.1522
"CPNNLCCSQWGWCGSTDEYC",1,1,1.3018
"GQKSQYGGIKDKNGELKLPL",1,1,1.2183
"KISDFGMSREAADGIYAASG",1,1,0.8627
"DLDASREAKKQVEKALEEAN",1,1,1.3888
"KSDFSSFEDSDSGSDSGASS",1,1,1.2966
"NCSFNISTSIRGKVQKEYAF",1,1,1.0303
"HSTTVADNTRTSGDNAPVSC",1,1,1.2616
"SVLRYDDFHTDEDKLDTNSV",1,1,1.2725
"SVQGMSQDPVAVAASNNPEL",1,1,1.1463
"FGNDTASAEVVGHFENVVGA",1,1,1.1669
"SVGTDAYNQKLSERRANAVR",1,1,1.3206
"SQVSQNYPIVQNIQGQMVHQ",1,1,1.2177
"NEDETTGIEIVKRAIEEPLR",1,1,1.3188
"GRRLKEPVSRNFLRTQHVTV",1,0,0.2875
"TGVPIDPAVPDSSIVPLLES",1,1,1.4933
"ATIDVPSNCHTHEGGQLHCT",1,1,1.2772
"AEYAINNNWTLKSEYLYTDL",1,1,1.2408
"KPAYYTKDTNNNLTLVPAVV",1,1,1.3626
"TLRITNPVRASVLRYDDFHT",1,0,0.1188
"LSEMSHTLTPENTLDISSLS",1,1,0.9617
"GLASTLWYAESNALSKRLGE",1,1,1.0005
"NACSINGNAPAEIDLRQMRT",1,1,0.8536
"PDWQNYTPGPGVRYPLTFGW",1,1,1.2004
"TTRAQKLFAMWRITYKDTVQ",1,1,1.1265
"KRAVATRNSSKPAKRKKIKA",1,1,1.2809
"PNSEDRETRPHGRNNENRSY",1,1,1.2926
"NYTSLIHSLIEESQNQQEKN",1,1,1.3203
"ALSVVDPFEFAELKRPRFSA",1,1,0.9555
"QGKVAAGFTSTVMAPVTSNK",1,1,0.9495
"EAVQKITTESIVIWGKTPKF",1,1,1.2505
"TNWTTMWGIYKNCSGCENAT",1,1,1.2742
"VTGWPTVRERMRRAEPAELA",1,1,1.2398
"VIEVVQGACRAIRHIPRRIR",1,1,1.2045
"PGIVIPPKALFTQQGGAYGR",1,1,1.0935
"AKRRVVQREKRAVGIGALFL",1,1,1.1586
"DDITYVATATLPNYCRAGGN",1,1,0.9644
"NFLGGSPVCLGQNSQSPTSN",1,1,1.2222
"AFTPVCSARHVPEYIEKLPE",1,1,1.2877
"HFVDEYDPTIEDSYRKQVVI",1,1,1
"GAETFYVDGAANRETKLGKA",1,1,0.9535
"MEPVDPNLEPWKHPGSQPTT",1,1,1.3273
"DAVVEEARNYTPTPPPVSTV",1,1,1.332
"YKLVPVEPDKVEEANKGENT",1,1,1.3894
"WKNDMVEQMHEDIISLWDQS",1,1,0.8686
"SQGVVESMNKELKKIIGQVR",1,1,1.0415
"LRAVFMQQRPLRMFLGPKQL",1,1,1.1885
"FPSDVVFSYIPWSEDKGEIT",1,1,0.7333
"SKSSVVGWPTVRERMRRAEP",1,1,1.3199
"LYTTGVIDPAKVTRVALENA",1,1,1.1133
"AEEEVVIRSVNFTDNAKTII",1,1,1.1557
"PGPARVIYTYPNKVFCGIIA",1,1,1.0901
"MGAQMVKEVASKTNDVAGDG",1,1,0.7894
"QEVVKEVYQENWPWNTYHWP",1,1,1.3216
"QASQEVKNWMTETLLVQNAN",1,1,1.3265
"PYVLVKTNMVVTSVAMKPYE",1,1,0.946
"VLIFDLGGGTFDVTLLTIDG",1,1,1.0856
"VLMGFGIITGTLRITNPVRA",1,0,0.0791
"VLYREFDEMEECSQHLPYIE",1,1,1.2786
"LAWVPAHKGIGGNEQVDKLV",1,1,1.17
"AKLVPVLSAKAAQASDLEKI",1,1,1.3121
"VPVWKEATTTLFCASDAKAY",1,1,1.2608
"DAESERVVQEALDRASAGRT",1,1,1.1729
"VQYRGEEKTFTPEEISSMVL",1,1,1.28
"VREIRQHKLRKLNPPDESGP",1,1,1.3007
"YWIVRNSWDTNWGDNGYGYF",1,1,1.1373
"VRRRVNAANKKPEDLTLNDL",1,1,1.3874
"VTHESYQELVKKLEALEDAV",1,1,1.4411
"EAVKVTLGPKGRHVVIDKSF",1,1,1.188
"PTKQPAVVYPWMKKVHVTTV",1,1,1.0389
"YALDVYAYDVTIPGEGCNGD",1,1,1.0303
"IVGGVYLLPRRGPRLGVRAT",1,1,1.3076
"VYNQGRGIDSGERLMQPTQM",1,1,1.2105
"TLSKEPIVYPWMKKIHVTTV",1,1,0.983
"GALLRVYVPRSSLPGFYRTG",1,1,1.0066
"GKYEGLKIWDANKVIVEDLK",1,1,1.2954
"TTNWDGCNCSRSGNYLYNSS",1,1,1.2378
"TQLFNSTWFNSTWSTKGSNN",1,1,1.1716
"WGEEKRASHTTPVLMEKPYY",1,0,0.0871
"YRNLLWLTEKEGSYPKLKNS",1,1,1.3036
"TFWSWNPDSGDTGGILKDDW",1,1,1.2882
"LMCQCWRRDPEERPTFEYLQ",1,1,1.2561
"SITEEWSPCSVTCGSGIRAR",1,1,1.2618
"NSTWSTKGSNNTEGSDTITL",1,1,1.2842
"WVPKRKNVCSLAKWREADEM",1,0,0.2518
"WWEEERYPEGIKWKFLEHKG",1,1,1.2322
"EKLVQLYAVVSEEPIYIVTE",1,1,1.2217
"RIEIKDTKEALDKIEEEQNK",1,1,1.1994
"YDSFALSTGDIIYMSPFYGL",1,0,0.2784
"DITTATGYDTADIIKNNTNF",1,1,1.1952
"SPTGYDWRADWVKGFPIDSS",1,1,1.274
"APNYEKEPTPPTRTPDQAEP",1,1,1.3761
"YEPYYHSDHAESSWVNRGES",1,1,1.4363
"LSYPIGGNYHVPHGEANYLF",1,1,0.8989
"YIWPRNDYDGFLENAHEHHG",1,1,1.4705
"GKIWPSYKGRPGNFLQSRPE",1,1,1.2219
"MFLQIYKQGGFLGLSNIKFR",1,1,0.7807
"REQIKRVKDSDDVPMVLVGN",1,1,1.2635
"EDHKWYSCGENSFMDFSFDS",1,1,1.0604
"HPPSYVYSQFEKSYRHKREP",1,1,1.2844
"YTKSKAKDVEGIGDVDLVNY",1,1,1.431
"ITRPGGNMYTTRRYAACIRD",1,1,0.8481
"VVTPVYYIPLEAVKFVDKTV",1,1,1.1975
"KPEGTYYNSLGFNIKATNGG",1,1,1.3121
"YPNQVYYRPVDQYSNQNNFV",1,1,1.0306
"APTAPTAASKIDMVNETSSC",1,1,1.2901
"AVTRGTINDPQRAKEALDYE",1,1,1.409
"CAVVYPWMKKVHVNSVNPNY",1,1,1.2066
"VVKQPDYLVVPGEVMEYKPR",1,1,1.3704
"CTDLKNDTNTNSSSGRMMME",1,1,1.2867
"CVKQGPKEPFQSYVDRFYKS",1,1,1.3272
"DANFDSIRVDAVDVNDALLQ",1,1,1.3717
"ELFNELLNSVDVNGENILEE",1,1,1.2894
"DHNSPYIWPRNDYDGFLENA",1,1,1.3358
"NGKAIYERARERALQELGPC",1,1,1.3881
"NCDWDPYHEKYDWDLWNKWC",1,1,1.3257
"TTGGVAGRDTLRFTGFFSFG",1,1,1.1257
"INEDDKSAHIQHEIVEVEEI",1,1,1.2304
"PENVETEEIIDDVPSPKHSN",1,1,1.3944
"EKSELILRDGGVGMTKEELA",1,1,1.0131
"EPLTKDGEAPTMDLRISFDK",1,0,0.0839
"ASQHGCHGDTIPRGIEYIQH",1,1,1.2272
"EQYVWESKGDGQYFLYPDPR",1,1,1.3806
"TGGSAGRTTAGLVGLLTPGA",1,1,1.2364
"VTIKHVVLEGVKAQPLTRTS",1,1,1.2216
"EVTIGDIEEPPILEVVPETH",1,1,1.4636
"FADKPDESTLSPEMKEHYEK",1,1,1.4381
"FKGETQINSDLTGYGQWEYN",1,1,1.1694
"STTSTGPCRTCMTTAQGTSM",1,1,1.285
"RPMLSNELAKLYLQELARSN",1,1,0.5954
"FYKLDIVPIDNTTTSYRLIS",1,1,1.2529
"GAYVEVKFSQYGDNLHKVWQ",1,1,1.1877
"GFGLKVWEVRREKEELKRDK",1,1,1.4859
"KAHQEGDVLVVSVVAKSIIS",1,1,1.1939
"GVGAGGGDQNNLIGQFGVGF",1,0,0.0148
"HREHTSYSPERFQQIEGYYK",1,1,0.6814
"KTNGDYAWSHADDWQGVAPV",1,1,1.0918
"IDMVNETSSCITHDNCTGLE",1,1,0.8068
"IPPAPRGLPQIEVTFDLDAN",1,1,1.1559
"ISNGSDALDKIRVLYLTSPK",1,0,0.1309
"KHLGSLGTSGTKHFLEKLQE",1,1,0.8412
"TRFTNFIVDDRGRIHRWKSP",1,1,1.0695
"PNLSSKRSELSQLSMYRVFE",1,1,1.3008
"YVKQEVEQNPPAAQKVFKDE",1,1,1.322
"SQVNDDIFNSLVKSVQQEQQ",1,1,1.2954
"LESVCNPIMTKMYQSMGGAA",1,1,1.4212
"LVAQWDRKLSVTPPPKPVGP",1,1,1.2253
"LVRKTLSMFADIAAQDEAIA",1,0,0.0897
"MANSSLLRVVLVALLLLGSV",1,0,0.0742
"MATTEYRLSLMEQFIRAFIE",1,1,1.4009
"MGGAAGGMPGGMPGMSGMSG",1,1,1.4927
"GWPTVRERMRRAPTVRERMR",1,1,1.2989
"MLDILVNSLYTNRAVFLREL",1,0,0.0746
"MRCNKSETDKWGLTKSLTTT",1,1,1.112
"MTFEGAIGIDLGTTYSCVGV",1,1,1.1464
"FKHPFSSFDKEDGEHVSGSP",1,1,1.3189
"EKKTNEKKDDGKTDKVQEKV",1,1,0.7766
"EEKKTNEKKDDGKTDQEKVL",1,1,0.7069
"NGKQVESPAPSGHTHLKKPA",1,1,1.4822
"TRKSIRIGPGRAFYTTGDIG",1,1,1.1039
"ILIQINEDDKAKLASLTFKG",1,1,1.0477
"NNRNRLTKLFRYKSSRSESE",1,1,1.4142
"TRKSITKGPGRVIYATGQII",1,1,1.1412
"NQSLDLAEQELVDCASQHGC",1,1,1.4419
"GRIYKRWIILGLNKIVRMYS",1,1,1.219
"NRGESSRKAYDHNSPYIWPR",1,1,1.3861
"ARLSAPGVRGWHITTDDVYT",1,1,0.4645
"PFKVTTKGADKPVISVQYRG",1,0,0.059
"PGHKWKEVRHDNKVTWLVSW",1,1,1.2494
"DSQPNPQEPVEPSFVKIEKV",1,1,1.3191
"PPPEHRGGPEEFEGAGDGEP",1,1,1.3868
"DLSQPAPASTTTLVREQTPD",1,1,1.2775
"ARPHGASEESQSVTFNKPSQ",1,1,1.3085
"AVHSALLAEGPNNEQVQVVA",1,1,1.2017
"KKDEKEASEQGEESHKKENS",1,1,1.2623
"SDARQRVADRKRKEKYDSFF",1,1,1.4433
"VQVKDQQGEVVREYEVEKLG",1,1,1.2845
"RGNFRFTARSLSATFVSDSH",1,1,0.6635
"SRKAYDHNSPYIWPRNDYDG",1,1,1.4886
"SFHCCGAKGPDDYRGNVPAS",1,1,1.3378
"SSWVNRGESSRKAYDHNSPY",1,1,1.3563
"TAADGYYAGLCANVRCDTAT",1,1,1.1219
"APSVEESVAPSVEESVAENV",1,1,1.3975
"PQVPLRMTYKAAVDLSHFLK",1,1,1.1935
"ASVGRYNATVEPIVNTLPNN",1,1,1.2996
"WGLTKSLTTTAPTAPTAASK",1,1,1.2788
"WIARFDTDKDGKVSLEEFCR",1,1,1.4301
"AGDPALAYGYAQDQEPDAGY",1,1,1.2968
"YKKGLQQLQEWEDWVGWIGN",1,1,1.3497
"YLGRSGGDIIKKMQTLWDEI",1,1,0.8022
"YLQELARSNGTLEGLFAAAA",1,1,1.2238
"YMSPFYGLREGAHREHTSYS",1,1,1.2493
"YSVFLVGDRVRVASKSDDSD",1,0,0.165
"VRWRRKSSDRKGGSYSQAAS",0,1,1.3186
"EHHESTWSDAYPYSKRMAEK",0,1,1.3003
"FITDLDKRAIDESDIIMTFL",0,1,0.9899
"KDPHGNIECVQTLDMMPENF",0,1,1.2545
"PAPPSPESHSPRDLDSEVFC",0,1,1.256
"VNELPTKPSTDELLELYGLY",0,1,1.172
"CGFARLDGQPCAVIGHQKGR",0,1,0.733
"RSPVIIVCASGGARMQEGML",0,1,1.1658
"LNGEVGPKTVHVPTGEKLYV",0,1,1.2479
"FDRLVEEGNVRLFERLFTPH",0,1,1.1597
"KIKIIAPPERKYSVWIGGSI",0,1,1.1798
"WIGGSILASLSTFQQMWISK",0,1,0.7149
"ILQVERIDHGVRAIDDAALV",0,1,1.2497
"ELNEHTQQTVDNVQQTVATM",0,1,1.3084
"VGGGGKRGGKKDDSHWWSRF",0,1,1.0369
"EQRAELENETLRRQVQELRS",0,1,1.1092
"PRIDCTRFVFAPACRGVSAK",0,1,1.005
"VSEGDAEDVNRAVAAARKAF",0,1,1.3091
"DLEKVAYLPGTSSLVIAPKD",0,1,1.2708
"GNGLFIHQNLKLLDKFLEDV",0,1,1.0758
"NYGVSSRKTQAKVGANTLFE",0,1,1.2163
"VALIKDEKVIAELLESFKNA",0,1,1.2868
"MRDSEQSSQAMSAPEELVQQ",0,1,1.3012
"LFGDDDTSRAVLNIGGFSNV",0,1,1.1799
"GLPTTVILSGGAFDCHMGAV",0,1,1.0974
"KDLAAALLAEQINADGLVIL",0,1,1.3143
"EEKGLAAEDSGGDSKDLSEV",0,1,1.307
"WVPDPVTGYYRPENTNEIDV",0,1,1.1813
"GQSGHSSDPARGINAIELMH",0,1,1.1795
"AHHVTGRAVALAESRKVDLA",0,1,0.652
"VELMRVDKKAEAGAIKFILL",0,1,1.1376
"ALAERLGVDLLDTDAEIERR",0,1,1.2609
"RICARGFVVYLHVSVPAQLT",0,1,0.9889
"GVAIPFIEVHLSNVHAREPF",0,1,1.1176
"YQRIGYKNPRNKLDLESLTD",0,1,1.3128
"LLTESREALDELTQILGLGD",0,1,0.5593
"GAGAATVGVAGSGAGIGTVF",0,1,1.2865
"SVLQPFSNPSAVYLPSAPIS",0,1,0.9264
"PACDQCRACVSVRVVANEFR",0,1,1.0593
"KPYLPNDKQFLMTKNVPCYK",0,1,1.1275
"AIPAAMIYTYGVFAKNIKQA",0,1,1.1352
"ATSSGGTNYALSNPKFHEEL",0,1,1.2092
"NSQLGYDVNNDSESTRIRSG",0,1,1.2258
"LSARNFNPLIALAADITLVE",0,1,1.2812
"QTSDPIHQEYLSVVLKEIDS",0,1,1.2837
"GNYNDDIDAQLKAALEKFKQ",0,1,1.3137
"AISFVLFVWFCMKYIWPPII",0,1,0.8452
"FSKDWSFYLLSHAEFTPNSK",0,1,1.2152
"AARKVKEGLYDIALTNELAR",0,1,1.1878
"LKKSMKSRHVVMMSLGTGIG",0,1,0.7684
"QNACLSQLETSEDVTALKHH",0,1,1.2418
"AILADAEHWRGGNTTAHGWC",0,1,1.1769
"PSSNPTSLSTAPPVQRGLGR",0,1,1.0063
"VPLEPPLLFLLEEYKNYLDA",0,1,1.2352
"CLSHALLTAEVIKADGLNLV",0,1,1.1007
"VELESYIHYLEREPILIRGH",0,1,1.3142
"AANLLLATVGGPAGLTAFLR",0,1,0.9611
"ASTLNKFLFGSALSEMNQKK",0,1,1.2649
"VSILIASAYARREENNIQSL",0,1,1.3005
"GFQLKEAPAGKHIITTTRSH",0,1,1.2257
"CFLPAIFRMAAKVVPTIICS",0,1,0.8131
"PRARARRPTDMFGRPLTSNS",0,1,1.3192
"GNDLEAVAKFLDASGAKLDY",0,1,1.0002
"WNEAPSRLSTRSPAEMVLET",0,1,1.3304
"LLANVAEDIHRERRRHIHLD",0,1,1.1831
"WHAVPEFLRELDEQVKSYLG",0,1,1.2951
"PGLPIERHWFLVHPVDRPLN",0,1,1.07
"LWVLDEPFTAIDVNGVARLT",0,1,0.8445
"LEAQFRVTDGDAQLSVSYDR",0,1,1.1929
"PKAKSHVTIRRAVLEEIGNK",0,1,1.2951
"FRYLKSRGHENIAFTCVREA",0,1,1.2079
"GPPGCGKTLLAKAIANECQA",0,1,1.1912
"DPRVKSSLGEEELIFPPYDA",0,1,1.2803
"RPPKSACKVLAQESQDVSGS",0,1,1.2312
"TKLSVTRPFGRAKTRWSQVF",0,1,1.0836
"GREPGGVGHVVAQVQSVDGN",0,1,1.2448
"TAGSPGLHMSFTGSPGTGKT",0,1,1.2953
"SKEEAFDAICQLIAGKEPAN",0,1,1.2007
"FIYRKVKSLCSRSTHSTVNG",0,1,0.9729
"AAEKSTRGVVLAVGKGRILE",0,1,1.3479
"VEEGIVAGGGVALIQAAHVL",0,1,1.313
"ISDAMEKVGKDGVITVEEAK",0,1,1.3431
"LKSAKEVETKDQIAATAAIS",0,1,1.1695
"GSSEAIANRIALIKSQLETT",0,1,1.1964
"ETTGGWATAPDGPYSWGYCF",0,1,1.1379
"LNVHKQCSKMVPNDCKPDLK",0,1,1.3012
"KQIGIPIIVARANGLDYAFT",0,1,0.9219
"TTGVMALQVQSEFQKAYDKG",0,1,1.2232
"QEARQQITTVVLPTLAVVVL",0,1,1.0737
"TTFEERDKCPQWKTWAELII",0,1,1.2005
"QDFHSGTFGGILHEPMADLV",0,1,1.1987
"SSGYSSLSDYYRQLGLNPPQ",0,1,1.2541
"PSIKGINFDLPHVIADAPAF",0,1,1.2699
"FFYCEDEDNYADLASVAFTI",0,1,0.8192
"RYSDYPDAYALWNTVSSIGS",0,1,1.0393
"PMELTIRMLISSEDVLHSWA",0,1,0.7012
"RNYDAMKDFEEMRKAGIFQS",0,1,1.2241
"QVERQLDGGPADESGPRPVQ",0,1,1.2472
"VANVIGAMCFGKNFPRKSEE",0,1,1.2583
"KDFSNFANRGLYYNEKDDPL",0,1,1.2533
"EYCKPCGFEATYLELASAVK",0,1,1.2818
"LQGLSSLMYASESKDMKAPL",0,1,1.0922
"RDSTLYGDKWGFTQNNIEEN",0,1,1.1387
"SASVSAFLIAAAYVTVSVVA",0,1,0.8567
"SISISWFPAFFVTGFLGGLT",0,1,0.3649
"AAVVFTVRVGLPPEWRLFVI",0,1,1.2147
"LPPEWRLFVITGFLGGLTTF",0,1,0.7424
"ELALSTSLISPSTRIFLVTG",0,1,0.6155
"STSLSPFYFRPPSFLRAPSW",0,1,1.2719
"FKKEPFFYGHDNYDQLVKIA",0,1,1.0695
"YDPAKDDLIPCKEAGIRFRV",0,1,1.2218
"LHLGDDIRITVLGIQGKQVK",0,1,0.5198
"PLLCKQPLFSPGTRRTVLTP",0,1,1.1695
"CLCARQHIHLVCVYTLVYVF",0,1,0.8671
"LADNGLNGYHLAMTGDYDLI",0,1,1.1335
"VSYDNLLDLYITKCSLLKKE",0,1,1.0666
"GLAKPRMDSTGLVPPADKYE",0,1,1.1996
"MFMMSDLTIPVKRGCIDVCP",0,1,1.2594
"SRRGKCMKLTCVVIVAVLLL",0,1,1.0285
"KATLTRFFAFHFILPFIVAA",0,1,0.8291
"IDLPXPSNISAWWNFGSLLG",0,1,0.6466
"NGASMFFICLFLHVGRGLYY",0,1,1.0201
"VGDTVAADQPITNNPNVGGF",0,1,1.2916
"SSVVGCSCKSKVCYKNGIPC",0,1,1.3324
"CVFNNYIDRDIDRKMERTKN",0,1,1.2762
"KSYRVALDTRKIAYKQVTLP",0,1,1.2316
"SVKDRIGYSMITDAEEKGLI",0,1,0.9991
"ARVAAKLEGMEPCSSVKDRI",0,1,1.3439
"SGNVPNFVETMNKYVQQFGL",0,1,0.9105
"RIQINPQNKADFQGISPERA",0,1,1.198
"GRQDDLAKTIQTTHADVVID",0,1,1.2969
"TGRMGRRICRMVIEDEELEL",0,1,0.6798
"DSTPGIIDNILTIRFTTDYF",0,1,0.7755
"VHQIGRTGRAGRTGTAYTYF",0,1,0.7384
"EYAIQAFLGLDASGLVRADF",0,1,1.1286
"FGVVLPSLSDSQENRGLAGF",0,1,1.0126
"RMQGAYINLPGQPFDFQCPA",0,1,0.7226
"DYDSPEADDSKDNDTKESPA",0,1,1.3775
"PERVITFRVSWLDDAGNLQV",0,1,1.2025
"PCALGATINDDTIKQLKAKV",0,1,1.0775
"AKKYKQTPALVALRYQLQRG",0,1,1.2313
"KYRNIDVLLIDDIQFIANKE",0,1,1.2608
"VPNVRGYGYGDQHVIVRVVT",0,1,0.7642
"VYDLGGGTFDVSIIEIADVD",0,1,1.2697
"TAEELAAFIAYWQAEGKVFH",0,1,0.9805
"IGTLGVHRYLHVLNQLRKMI",0,1,1.0763
"PVRWSFLEAYFTGDGDIHPS",0,1,0.808
"DREQYSQYSLVVRGSDRDGG",0,1,1.3241
"TMMNKGLEYIEARWLFNASA",0,1,0.9167
"LAAAEELDATVANMRFVKPV",0,1,1.1688
"DMQQDAVDCATQAMEKYNIE",0,1,1.2649
"SPYGFHTASSCFWDTTSDGT",0,1,1.2921
"LPAFTKIPQEDQITLLKACS",0,1,1.0742
"GHLIYACGGIDKRTIERFEE",0,1,0.4101
"SPTTTPSTTHPRRFTVRAAR",0,1,1.3502
"ATALPTTEQYTKMCASTACQ",0,1,1.2982
"KLGEEIALALDVASSELVDE",0,1,1.2825
"NQPLFRYLGGAGARMLPAPM",0,1,1.0903
"ISGKSQVLFAVVFTARYLDL",0,1,1.1975
"IKADGGKVNQAKQLAAKIAK",0,1,1.3028
"AIVSKNQRILFAAQQAQIGD",0,1,1.0547
"PNKIGVITSITGAVIQDIIH",0,1,0.6129
"AAEEIARNIARANQRDDLDL",0,1,1.2824
"KEGCSSLLEEVFLDLEQHLN",0,1,1.2064
"RDNRWGWPSDNRSNQWHGRS",0,1,1.1903
"NLLAVRTNIATIFVRTAIRH",0,1,0.5327
"VVKEVTEKVTHTITDAVTHA",0,1,1.2304
"NRRFYHLANDNFIWIRIYST",0,1,0.9381
"REAREEAEIKWKEALAKGDI",0,1,1.2342
"GLDLPYSCRAGSCSSCAGKV",0,1,0.8111
"AGKVTAGAVNQEDGSFLEEE",0,1,0.8699
"QLQLSAESVGEVYIKSTETG",0,1,1.2755
"GTRKDHSRFGILEFISIAVG",0,1,1.038
"LALRRSITHPFVRKQELTVY",0,1,1.2642
"ISGLTGAKFICFQDSQWHSE",0,1,0.9787
"SSRDRNKPFKFRIGKQEVIK",0,1,0.8702
"SVDRGSPFQCNIGVGQVIKG",0,1,1.1609
"SSILVPIGKAENARMYLAEK",0,1,1.0576
"LIMDSLTRYAMAQREIALAI",0,1,0.9899
"MGAAHAEGGIAEAAGKALDS",0,1,1.1887
"VGTKDSIANATVLLDYHLNY",0,1,1.2593
"VGKPMANLLLAANATVTIAH",0,1,0.8982
"VEAAVNRLVNMHLRASYTYL",0,1,1.2403
"AAAIDARIYHEQRAGYQAFE",0,1,1.2847
"YNLSKIIFNDLISFYKTQLI",0,1,1.2016
"EIIAGKWNEHFPLVVWQTGS",0,1,1
"FRIGGERMPLPLVHALGVVK",0,1,1.1278
"EDKRLEGKKKIDEKKELKKQ",0,0,0.2913
"VSNASCTTNCLAPLAKVIHD",0,1,0.4394
"IFVQGVLWDINSYDQWGVEL",0,1,1.0833
"ALLYMYEMQVGFMGELYNIN",0,1,1.1865
"LADSDFTAAGQLLTASHESM",0,1,0.9459
"DYRYFNEPDLLKLVISDEEI",0,1,1.3304
"FDEPIGYNGWIEIELEDGTR",0,1,1.3122
"YFYPDMAKNYQISQYDGPGS",0,1,1.3253
"IDKIRRKNCPACRYRKCLQA",0,1,1.0564
"DKPETINEDPYGEGWIMVIE",0,1,1.186
"HPFAPAEQTVGYREMIDQLE",0,1,1.1111
"TDLAEFTKRCARFDVTVTDE",0,1,1.1532
"NNVVPPSPPQEGITELGFLY",0,1,1.1446
"TFLPGLVGWINRFFFWLLFN",0,1,0.5599
"KACAANGAPDLGGAVDAIIS",0,1,1.2492
"DGTLHSLRNMGSSGVWELFV",0,1,0.7587
"RENLESIDFLRDFNIAVHEN",0,1,1.2413
"KRVLVNDVKLVNHTDCHCST",0,1,0.9459
"VYPRNDITNFGCEECKLKEN",0,1,1.2963
"EMEKPLTCVESAMLGKAYRI",0,1,1.2365
"DYLGDRSQYALQAEQLGTGH",0,1,1.1434
"VIEDNAFIGSDSQLVAPVTI",0,1,1.3636
"EEALGVNTREELARVEGVLL",0,1,1.2962
"EMSVEELLRFAVAHWRLTAV",0,1,1.1286
"TPCRVLGCAEESPFPKIYRM",0,1,1.06
"EAMESLELPLEDQRMEYHVQ",0,1,1.295
"VVEQELLDGQKLQGAATAKE",0,1,1.3534
"RENTRYLPGVALPAALRFSA",0,1,1.1989
"KKYCGGFLVQDDFVLTAAHC",0,1,1.2229
"EKAAVIFTKSSCCMCHSIKT",0,1,1.2539
"KTPEGQAPEEIIMDQHEEIE",0,1,1.3548
"VPSIEMVRMVSSGTEATMSA",0,1,1.0709
"LRLLFKDEVRRVGRELGMPE",0,1,1.1024
"GPLKDTLIEMEQDLQSSISY",0,1,1.2588
"DAAEPVAWELRDADGVVVAD",0,1,1.2789
"TYSFSVRAKDVAGNTSAASA",0,1,0.9983
"AKKTTASTDASKKRTKTRKE",0,1,1.2263
"ELLIRKLPFQRLVREIAQDF",0,1,1.2017
"HIQKTGGTTFGRHLVRNIQL",0,1,1.1022
"ADTAAQNTQRKWEAAGEAER",0,1,1.1304
"MFLSFPTTKTYFPHFDLSHG",0,1,0.6266
"HPSLLTPEVHASLDKFLCAV",0,1,1.0998
"VADALAVAAAHLDDLPAALS",0,1,1.1339
"FTPELQAEFQKVVAGVASAL",0,1,1.2833
"FVTAMLSKLRFEVFQPGDYI",0,1,1.1701
"IFKEHKDSLPPYTKNDIAVP",0,1,1.2057
"EEEGEGGRKNSSNFKKAKRV",0,1,1.258
"VVEYDKFVAQMKENKDYLFI",0,1,0.9616
"MNEIAPRVATKYPNIASTYF",0,1,1.2206
"FWSRSRQKLWHKGEESGHFQ",0,1,1.2426
"QVFIPLTVGGGVRTVADIRR",0,1,0.9341
"YAQYAGVKPEQVLVSRGADE",0,1,1.3343
"GDAALREITAHFDGVSLDSF",0,1,1.1984
"LMKVLSGEMRAEGGSVTYNN",0,1,1.2577
"TQLAQAPRAPLLLLDEPTSA",0,1,0.8852
"RLIAEPTAAAYAYGLNKNQK",0,1,1.3004
"DNKQLLDNFRTILNERHADK",0,1,1.3002
"LAQQWRSDSVLRKLEAMLIV",0,1,1.2822
"IALKSMNIAADLCVFSNHNI",0,1,1.1443
"KCQCTGVICSVPANYNCLQR",0,1,0.8528
"TSEDMKKKIDEIQQLSLKVF",0,1,1.0946
"TNHEVFNSLKDALENDKDKF",0,1,1.0165
"VAIEFLLGAQALEFSQDPIS",0,1,1.2812
"VKIWFQNRRMKWKKDHKLPN",0,1,1.0001
"RRISAQTNLTERQVTIWFQN",0,1,1.2546
"TPLPEPSHHCDSVTPSPPPA",0,1,1.3273
"QNIGCRFPYLEASDYKDFYI",0,1,1.2239
"PQVLHRTKMRPLPVLEKYCI",0,1,0.6435
"NNACPVFKKDEYCCVGSAAN",0,1,1.3156
"SACKSCICALSYPAQCFCVD",0,1,1.318
"GVGRGGAARAAWPRLLLAAL",0,1,1.1038
"VWACKNYDGDVQSDFLAQGF",0,1,0.7938
"LPEDRVVVELSPYDLARGRI",0,1,1.305
"PVSLLMALVVLSCHSSCSLG",0,1,0.7367
"NKIIQSQIVSFYFKLFDNLK",0,1,1.2368
"PGRLLFQIIPRGAGPRCSPH",0,1,0.882
"GDAGQYTCRKGGAVLSQSLL",0,1,1.1505
"LSYAKGIGGTRAGVIRTTFT",0,1,1.1437
"IDECNGGYQNLSKLRESNSN",0,1,1.2521
"VTTALRAYAAFATSADKGAV",0,1,1.2119
"DLKTKLADNLTLNIPIITAA",0,1,1.0563
"LDLTWFDKSTEDFKGEEYSK",0,1,1.3286
"ALRAGQIIRKALTEEKRVST",0,1,1.0179
"GAGLVDTTYAESDKWVLLSP",0,1,1.234
"YRPLCGSDNKTYGNKCNFCN",0,1,1.3001
"TYNNECLLCMENKKRDVPIR",0,1,1.347
"KCGNVISPMHDIPLYANEEK",0,1,1.2771
"VARGLANMEALKSLFLTLQQ",0,1,1.22
"QRIKERTKHLPGGLKIAVMG",0,1,0.6209
"LGPLLVFFFVNAKFNLFAAT",0,1,1.1455
"PLEFKSHQWFGASVRSKQDK",0,1,1.2337
"SGQCLKPCKDAGMRFGKCMN",0,1,1.1654
"KDGDDAICLAELKLGFIAQS",0,1,1.2086
"DAGAVVLMSLESGPLISMLI",0,1,1.1094
"FFKCKCADRDSCVDKSRCAK",0,1,1.1237
"YRQHLIAEFDEVKTIAIQHN",0,1,1.1545
"TLLQVASKQKPHLTRNIFQS",0,1,1.1889
"GSIIAHCPGCVDDVVTALNR",0,1,1.2783
"LALNELCRPRDDPELQDTLF",0,1,1.2902
"EILKVAHNYEEQGKPVVIMT",0,1,1.3431
"LKADVTKVIDEHFKEGQEVH",0,1,1.0368
"ASIDPDFYEVGNLLEKLLKH",0,1,1.3311
"HGNIHGNFGWISPEGEHVEV",0,1,1.1702
"AEDAVLASAKAGIGIEDLLE",0,1,1.0602
"AGEVGYLAASIKAVADARVG",0,1,1.0332
"LGMAVGNSISAIQAGARQIE",0,1,1.1413
"DKVGDPFPEETYRVCKNADA",0,1,1.2816
"ADIAAKGFDMVVVRELTGGI",0,1,1.0883
"MFAVPIAIIFARIYYVFFEF",0,1,0.5922
"AFAASEGHSHPRVVELPKTD",0,1,1.2302
"PELTARGYNLVLRTTGLDSD",0,1,1.2303
"ISHRPSALSGGERQRVAIAR",0,1,1.0998
"VKNPLFLLDEIDKMSSDMRG",0,1,1.187
"LNVGVNCIIREGVTMHKGSD",0,1,1.1325
"GLRFEDEFVRHKMLDAIGDL",0,1,1.042
"LPPHTKWGGHPLMELNEWMK",0,1,1.0835
"CDARMDKIERIDLETGENRE",0,1,1.0531
"YSFPVFNLADCFITLGVIIL",0,1,0.3788
"PLGVFFKFGCGIEFWICLLL",0,1,0.4618
"LVRSLLDSQKKDTDKVLIFN",0,1,1.2506
"MTKEVIVESFELDHTIVKAP",0,1,1.1834
"IFLFSEEIGDLFSIKVIAIS",0,1,0.8419
"EHLQRQRVSFEQVKRIMELL",0,1,0.977
"ALGLHAVDVNQPPAPPPGGY",0,1,1.2686
"CQGEENASFSQATTSTESSV",0,1,1.3019
"SGEEIEFSLPREGASLSFIL",0,1,1.2152
"FELQDSAFRLIEEQQLQHVP",0,1,1.2586
"ILNKEALLFVADLQRTFRNH",0,1,1.0767
"SSIRPNLSVVRSQMLENSFI",0,1,1.1749
"LIPYPVHLEILVQTLRYWVK",0,1,1.0695
"YWAAKDLISHYYDADPYDLG",0,1,1.281
"GMPLSALPDDAPQWAVDTLL",0,1,1.3067
"LLDMATSVVPIGKLEVYRRK",0,1,1.2755
"LDTISECNLYDDVKCWSKFI",0,1,1.2125
"LDHEFASNKKNLVILESMEK",0,1,1.3334
"VEEGKVIDVFLQPHHEVTRA",0,1,1.1714
"ATKLKQALDEIKKQNVKLEI",0,1,1.2527
"ESYLAYQGRKLVDRFDANSY",0,1,1.2642
"DYENLPTSASVSTHMTAGAM",0,1,1.1437
"GLDADQYKSSITGSSEPRKA",0,1,1.1785
"NQALTQKDRYDVKFPKISYN",0,1,1.2823
"AFSCFHYSTEDIKGSDCIDQ",0,1,1.1305
"GLEEIKQSLRSHGVVLEINY",0,1,1.2611
"EALMAGQEDSNGCINYEAFV",0,1,1.2654
"RGHHAHAHELFSANHEFFEM",0,1,1.2817
"LDAMLQEGKGPINFTVFLTL",0,1,0.9711
"IESMESMRTIMLTMHSTMSG",0,1,0.7641
"GNGWFDRMLETADKSRDDKD",0,1,1.2662
"CLILKHFNTDPSTYTLIFTS",0,1,0.6535
"ILCKNVPGLTPQQKRMCHEN",0,1,1.1476
"REHAAPFSAFLTDSFGRQHS",0,1,1.2091
"LIGSVEVKKIMACPRCILTT",0,1,0.7875
"EGIIREGVKRARAATLTRVD",0,1,0.7381
"SVAAGGPAGAAIPESRLMAL",0,1,1.2366
"RMGVRAERAGDGTVTLQADQ",0,1,1.1508
"RTSILQNKRPGICLEAVLQL",0,1,1.1536
"FFKNPVVPAEQAAALLERHP",0,1,1.2546
"DSRSLCRSIRNLGQVDPILV",0,1,1.1922
"HSGDYVVCLGAGNITQWAYA",0,1,0.7755
"DILYITNIYAAGEKPIEGIT",0,1,1.1946
"ANHLANISPTKGRGEIINIQ",0,1,0.9061
"VMRAQGVADLGSLGLEGKPE",0,1,0.7556
"KKSVLLQNSVGEQTEDFSND",0,1,1.2791
"ADLAGHGQEVLIRLFKGHPE",0,1,1.1716
"AGRRCKGWASASFRGRCYCK",0,1,1.1112
"CSPAVKALSIEDRNCVFRNE",0,1,1.3048
"CVVIGGSVGLAEGYLEQVRA",0,1,1.2046
"EVPRVDKLVEKIVHCSCQAC",0,1,1.3298
"TAAQRAMMDQVRESRNPGNA",0,1,1.2426
"MKMIWIDRELAEKHYEEHKG",0,1,1.1568
"VRQAASTASTFVKPIFSRDM",0,1,1.0837
"GLESCLKGPDNYNSQVLIEA",0,1,1.2362
"AALAFLGVDGAIPLFHGSQG",0,1,1.1601
"FAAAKLSRFWSLRLLGDVYT",0,1,1.1984
"FLKVLIPSYAAGSIIGKGGQ",0,1,1.1415
"TFSISQNPFPIENRDVLGET",0,1,1.2361
"DNYGLRKLEAFFGFLVTIMA",0,1,0.7043
"ESECVCINGTCTVVMTDGSA",0,1,1.1815
"AMELGATDAELKEIRTHIRH",0,1,1.2126
"ASYPRFRYDQLMHLLWKNFL",0,1,0.4863
"EVTLGLILLCMIMLAGGFTY",0,1,0.4185
"LSILSSIHRNRKSTRINQSN",0,1,1.2862
"DGAVPFGSAEQFSLPEENAR",0,1,1.2117
"IMDYDGMREKQSSFGTACLI",0,1,1.1033
"MLAGSFNLREIVEAQKDGWY",0,1,1.2151
"DIALNTCILPKMLGIFWFHL",0,1,1.1859
"EDITGTWYVKAMVVDKDFPE",0,1,1.1865
"CIDFRGKCSGAHKYNFCSVL",0,1,1.2731
"FVSANFSNRSAYFCPTFIDG",0,1,0.7749
"YAANWTPYLGQDWTTLVDTT",0,1,1.1203
"VDVSDLLPGQTIMCIEPYNL",0,1,1.2377
"AVLFSADLRQQNLSREPPAK",0,1,1.2724
"LCSWLCLLLPLSACFPLLDR",0,1,0.4597
"LGFGFAIIIVTVIVRLLILP",0,1,0.6592
"LLLVDEPTTGLDPLTASKIM",0,1,0.5155
"VIPAPRYSGEVKLNGAAARL",0,1,1.2578
"PYEAVNVWNITAGTRFETYA",0,1,1.049
"NLRPQYEVIEGMPRNIAWMV",0,1,0.9929
"SDSGQNAWLFYHLAQTSDLD",0,1,0.9493
"LCEQYYLVAPELEVEEFNAK",0,1,1.2843
"MFSWIPSSLLEVFYVNDETT",0,1,0.796
"EIGEPMRGQAIEELQVRMEE",0,1,1.3461
"DCTVESIRSAGVVPECDLLL",0,1,1.3249
"VIWLKRPEQLKGVDAVIIPG",0,1,1.2308
"AACLLALPSVTADCLAQCSL",0,1,0.6739
"SKVIPDSDAHRAGLQEGDQV",0,1,1.3231
"AVENACPGVVSCADILTLAA",0,1,1.2543
"IGGAMAFTFLKAMGYKVGNS",0,1,0.9139
"PVKYQLFRGYKVKVNEKSTV",0,1,1.3002
"EHKTLDIFSHITTLKIDQKP",0,1,0.9421
"GEIVFDGLVEEATDEKFAEI",0,1,1.3701
"NSGLASQVISLPPFQVDLSR",0,1,0.9656
"ALSPHLGGWALRDHHIGDSS",0,1,1.0831
"LAVQQVMMAEQSEDDSVDST",0,1,1.2398
"LVNPLTGGANTTFSSVTNET",0,1,1.2247
"SQKEANDIKTKLSKGGNFTK",0,1,1.184
"GIDPQSKTLVFSDNLDLRKA",0,1,1.114
"GATTETPTWNRKELLVTFKN",0,1,1.2308
"EAIFQSLNMNAAVGAMYQGK",0,1,1.2616
"AYEGSDVDPAESAISDISGS",0,1,1.3366
"EVIPMFMALSEGATPQDLNT",0,1,1.2594
"LIDDKILCMHGGLSPDLDHL",0,1,1.2477
"HEGPMCDLLWSDPDDRGGWG",0,1,1.2602
"FNERVLQEAADKSNPLIERM",0,1,1.2849
"ISNDDSVIAGGRYHNFKDFI",0,1,1.1052
"LILCCKLGIALLCLGLLGEV",0,0,0.2983
"ACPQAKFAFSTSSSFHTPAV",0,1,1.2414
"NKGSFYQGAIFGSFLGAAVT",0,1,0.8548
"WYELTFEIETNLEEIIIWKL",0,1,1.2285
"AQGRELVVVSSGAIALGVER",0,1,1.3034
"RRRSRSPYRRRYRRRRRRRR",0,1,1.2709
"RVSRRRRRGGRRRRMPRRRR",0,1,1.3335
"ELKLFLQNFSAGARALTDAE",0,1,1.2335
"LVTALCDIKQAYTQFGGKRP",0,1,0.6598
"FTYGYEMPVDILAKWIADKS",0,1,1.1908
"KPSAQVVWPIVGQEILNGDV",0,1,1.2341
"SYGSSISAYGLMFLAAHFIW",0,1,1.0309
"PTMDIQMSISTCIKLLFRPD",0,1,1.2411
"PLFMRDIKTYLSVAPVLSTL",0,1,1.1863
"FAMALFAVFLSIILEIYNSS",0,1,0.4477
"ALVYTFLLVATLGIIFFAIF",0,0,0.3433
"QEPIVLERGAEMGRFKLGST",0,1,1.2537
"GVADVKGSILYRGIDINSPK",0,1,0.8892
"TLDVGADKQLPYMPISEENP",0,1,1.2534
"FMNVTGPSVRKLADFFTVDR",0,1,0.8702
"DRDICPERPLLAASLPGGER",0,1,1.2492
"FLSIACILGVLLASSLAYCL",0,1,0.3676
"EPILVSGTDGVGTKLRLAMD",0,1,1.0815
"AFETGIHDTIGIDLVAMSVN",0,1,0.9409
"AKRCGVLTVEIEHVDVDTLE",0,1,1.2955
"KISRFWFDKLAHIIPNHLTD",0,1,0.9428
"RYQGFEKAMQEANLAINPDW",0,1,1.2808
"MNPDKHGRIEWPGEGVEHQH",0,1,1.2923
"RAHEFTFQQLRRITGTPLEA",0,1,1.2152
"FQIDHGYHIPAAEVAETEAR",0,1,1.0929
"SDLLKSNCLVTNQPDWGSVQ",0,1,1.2663
"RYIELFRSTAAEVQQVLNRY",0,1,1.1891
"IECSSKTQENVKAVFDAAIR",0,1,1.2925
"RIGRHPALMTNGVRNKPLRE",0,1,1.15
"SALTLQFMYDEFVEDYEPTK",0,1,1.0808
"SGGVGKSALTVQFVQGIFVE",0,1,0.5092
"TSARDAINVEKAFTDLTRDI",0,1,1.2613
"VSITNVEVSGDLQHCKIFVS",0,1,1.186
"ENVNSQPFMRWRDRFLFCAE",0,1,1.2335
"ARDSPHVLVSLSRHTKSLKY",0,1,1.3026
"GGNGRSQFAATPNHLIRTPA",0,1,1.2133
"LLKLTRALSRLPGIGPKTAQ",0,1,1.2312
"NKTDSAVRITHEPTGIVVQC",0,1,0.9123
"IVSFINKLDRDIRDPIELLD",0,1,1.2235
"EIISLKRFILLTVATSSFLT",0,1,0.3809
"EYPRAASWAAGNCANVLNDD",0,1,1.2033
"CGLDVTNQAILTPDYLATLP",0,1,1.0771
"TEYCAPGTEELQRRYPGRAK",0,1,1.3544
"RVNPASDFPERFTVPGPRWV",0,1,1.2878
"RGKTFAGFAQSRYASGDYFT",0,1,1.1181
"RQIEAGRRAMTRNARRGGKI",0,1,1.3163
"KVIAMNSHRLQGKGRRMGPI",0,1,1.1059
"TGISRYITEKNRHNTPNRLE",0,1,1.2923
"KEKIVPSLMEEYGYKNVQLV",0,1,1.3599
"AGKFPSPLTHNENMVAKVDE",0,1,1.3314
"DVVLGRLAAVAATLLRGKHK",0,1,0.9608
"GLAKGTEVSFGSFGLKAVGR",0,1,0.633
"TVNRTNLHIYASVISGDGVK",0,1,0.9113
"STLDPELRDVAKGANKQSAK",0,1,1.3085
"VCQVTGKRPAVGNNRSHAKN",0,1,1.1898
"HNARLRAVRRDIARIYTVMR",0,1,1.1861
"TVMVKCTCGNEFESGSVKEE",0,1,1.288
"DALTAKQLSTDPTSGEIHLR",0,1,1.1253
"KYCPKCNAHTIHKESKMRKI",0,1,1.3295
"RQKGRKVLSAMKRTYQPNRR",0,1,1.2256
"RKRSHGFRARMATKNGRKVL",0,1,1.1529
"MKVRVSIKPICDKCKIIKRH",0,1,0.5201
"RRVTAGYGGFPRPLPDRSKP",0,1,1.2701
"FDGRGNYTLGVKEQLIFPEI",0,1,1.0612
"AELSKLLEEKWGVSAAAPVA",0,1,1.2387
"SLGFKTKGVIKKRCKDCYKV",0,1,1.1543
"GFDKHKGYGTPAHLAALAEH",0,1,1.2042
"SVPPFMRGSGKGWITAEYGM",0,1,1.1042
"KFIEDEMVVGLGTGSTTAYF",0,1,0.8733
"KDGIFSEKIFGPIQTGVCAC",0,1,0.7821
"QDLLKKVAELKGMSEEQMLD",0,1,1.2629
"KKKRVNAFMDGDEDAIDYRD",0,1,1.1545
"NSDANDMTYNKELVDAVNFK",0,1,1.2847
"NDFHEAKVRIKLSSYSASLL",0,1,1.2934
"VTDRMVGHKLGEFVLTRTFR",0,1,0.8077
"QAIRGVTPDIAVKARRVGGS",0,1,1.2934
"DICDQHEDKVTLLNLPLQNF",0,1,1.1608
"LTEERRKELSKSVHGEGEDS",0,1,1.2464
"RQDGYRSRAAYKLIEINDRY",0,1,1.2911
"LDPKKAGTYFSNQAVRACIL",0,1,1.2865
"KRLLDIVDPTPQTVDALMKL",0,1,1.186
"ILEPTPKTVDALMRLDLPAG",0,1,1.3249
"MTPKKPNSALRKFARVRLSN",0,1,1.2866
"CNKCGRPRAVFRKFGLCRIC",0,1,1.2327
"RCLRCGTREAVIRKYGLYLC",0,1,1.1747
"VAQRRKLLDYLKGKNVDRYG",0,1,1.3016
"EVQVALLTARIELLTKHFKI",0,1,0.5955
"RFIETVGTYNPLVAENQITI",0,1,1.0829
"LGEFAPTRTYRGHAADKKAK",0,1,1.2379
"QKRLAEAQGIPYEPPTSVDD",0,1,1.2807
"KKVYAQVAAGEKSAAEAAFV",0,1,0.8195
"TAFRTAVKKVLKAVEAGDKA",0,1,1.0366
"EGSFREMKRHVHYEKPSEKR",0,1,1.2681
"TVVRKNESLEDALRRFKRSV",0,1,1.2907
"LQESRKREFYEKPSVKRKRK",0,1,1.2467
"NGSLARRAIRELMAKGTIRM",0,1,1.2661
"KLLSEAGKQKVVTAATLSER",0,1,1.0455
"RLGGADIARAESYSEGTVPL",0,1,1.3117
"RYTGPSWKQSRRLGLSLTGT",0,1,1.2831
"KRKTAIAKVWLTPGSGKLTV",0,1,1.1089
"SQQIVAKQRVLMDNLERIGH",0,1,1.149
"AAQRQWAEAAQNSTRRRINH",0,1,0.9808
"TVSSKEAVKKIKEIVEKSRV",0,1,1.1008
"LVAQHQVTGFVLGLPKNMNN",0,1,0.7909
"VEDSMADQEANRWGRSGKDP",0,1,1.1778
"LESLNLLGKLPNAISSLKSR",0,1,1.1022
"MPKNLNSPNGVLLSRQPSMN",0,1,1.1601
"NCLSEATFSTKKKLVVFDMD",0,1,1.0076
"RGDVIYILSKEYNRYGWWVG",0,1,1.257
"DVKSLLDHLYNSYFYQLLMT",0,1,1.2563
"TGNASTNSGSATTTNRGYNT",0,1,1.2304
"GRAYVVLSLPDIGHYEFVRG",0,1,1.1193
"VEEGIAKKILRYTNPTGSGG",0,1,1.0867
"ATKAVCVLKGDNSPVKGIIN",0,1,0.9351
"VGKTTTSVNLGACLAYIGKR",0,1,1.1801
"VVQIGIRGSSTTLDPYRYNR",0,1,1.109
"IFHTRMLLREFNLKNYLFNI",0,1,0.9445
"SCKLDNDSRLTMHFEDGKEF",0,1,1.2577
"YLLSTKQIPGIYNSPFRKEP",0,1,1.3042
"SQKVSSASQGGAIDQYNMQL",0,1,1.203
"RHRGHREEEDEDDDDDEGDS",0,1,0.8404
"LQNSCSLLPADPSSVPCREV",0,1,1.2097
"EGWEVKALRAGRGQIKEGYV",0,1,1.2838
"ERGYAKVLLGLARGKKAYEK",0,1,1.2744
"THGAVGPFLFRKGEVGDWKN",0,1,1.1088
"LYRQDPRTPFLLCELLTKET",0,1,0.682
"PFSQNTNNIMHVSHNQPPNI",0,1,1.2863
"PQPRPHEDVFIMDTIGGGEV",0,1,0.9014
"PLVMLVPTMDEAANKAAELA",0,1,0.624
"DILERFQQDPETEAIVMIGE",0,1,1.0412
"ITVKVNRRRYGKEVTVVEGF",0,1,1.1427
"KVVTLIEGIDPKVEDINEIA",0,1,1.333
"VMEYVGEVITSEEAERRGQF",0,1,1.3194
"QACGGTHLPSTGLVGPIKIL",0,1,0.4947
"RVLKMGGYSTELCGGTHVSR",0,1,0.9696
"EKLNSVEVALDIQLQPAIHD",0,1,1.3514
"LFGAGPAAVVNESLGRLRLH",0,1,1.284
"FFGELGFTVATGPEIEDDYH",0,1,1.2133
"NFILMDYGTGAIFACPAHDQ",0,1,0.998
"MSVGKIQESEVFRVTSTEFI",0,1,1.2551
"YYFPLFIPERYMEREAEHVE",0,1,1.1539
"IIAKFAINLAQCFNKYYAHT",0,1,1.2079
"DPSFKATERKLNTSETVGEW",0,1,1.356
"AREVVTLVHGEKAYKEAVNI",0,1,1.3801
"KMYSFKNYQKINGLIGSANL",0,1,1.2437
"TLDGLKACKALTSEGHKVNM",0,1,1.1647
"MPETTIDAVADHGVIRGDTI",0,1,0.5262
"NKNSSYFVEWIPNNVKSSVC",0,1,1.08
"HYTEGAELIDSVMDVVRKEA",0,1,1.294
"EIGAQPLRISFKWMVRAFSG",0,1,0.7693
"SSKHLAALLEVVWRMIVTQR",0,1,1.1341
"ARARKGALVQCDPSIKALIL",0,1,0.8764
"VMPTRNARNGHLFVTDGIVK",0,1,1.0432
"DAEFILNAKRFNTKNTHGTG",0,1,0.6775
"EQLVDAGFVVLPYTNDDPAL",0,1,1.274
"RYNTIYNYLLNDEILLTGHH",0,1,1.1552
"SRKEIMQFVESEQSKSKVQS",0,1,1.2473
"TPALESVCGYLHRSQNRSEE",0,1,1.2675
"EYRFSVLPDGVPIMSFEVLA",0,1,0.5604
"QTKVEFPEARIYEETLNVLL",0,1,1.1942
"RETDNNCSEGLYQVGPFCCQ",0,1,1.3174
"DDVWTFIVKNCQVTVEDSHR",0,1,1.2541
"VTPSNAADLFAQPDVDGGLI",0,1,1.2707
"FDQNKRQMGSGDAYPHQYSL",0,1,1.15
"YIEEGEKQINQEYLISQVEG",0,1,1.3215
"DRSIIRAMMEGGTAKISHCN",0,1,1.1685
"QKLDFSTGNFNVLAVRIAVL",0,1,0.7391
"LRQLEEECMNLKVFTAEQIT",0,1,1.0394
"VTIQFPDPWFKRRHHKRRVV",0,1,1.2136
"GMRGPSMGFHGMRAPSMGFQ",0,1,1.2114
"CREKGFDLIQLVTPTTTRDR",0,1,1.1994
"SEEDLGSTFQCKLCNRTFAS",0,1,1.1796
"ETPQPLTDAFLLRFLRARDF",0,1,0.4727
"IAQRYRISKYPTLKLFRNGM",0,1,1.0351
"YPRGFVMALGYAGVALAVLA",0,1,0.3502
"TKEYKLMVENPPPYILARPN",0,1,1.3054
"VVLMLVAFALVFTLNWLTVL",0,0,0.3264
"SEPPCSRSSSISTTEREPTE",0,1,1.3229
"KPFAWYRIAFGIIVLATAYS",0,1,0.9513
"EVSLEPRCYLNHLPEQLEVN",0,1,1.3067
"MREQKKMMISLAAMIAQRRK",0,1,1.0822
"DGRVVRVCARPEKLMHVTCS",0,1,1.158
"QLEEIIKKFKLPTDRVHVHV",0,1,0.6446
"MSIGHAMEFFNNLKLAGQRA",0,1,1.1504
"GFLRSERSLIQTIGRAARNE",0,1,1.2655
"NELGLYIPMAGLVKDDKHKT",0,1,0.7609
"DMQPSLYRRYNIVGITPGDD",0,1,1.3231
"KKDLVEHALANAREAHGRKL",0,1,1.3607
"LYISEQDNKKNTNNDKRNES",0,1,1.343
"FYQPLMKINSAQDLIKNKEH",0,1,1.0125
"PQSVLELSRLLNIPLDDCVV",0,1,1.2823
"RQNTKDSVYAQNEMLQYNQR",0,1,1.187
"TIGLDEDQPPYGEGFYIIDP",0,1,1.15
"SSQMTSTFIMLEGETKLYKN",0,1,1.082
"YLALIAWVGVQKRRPPLPSV",0,1,1.2199
"IGTLSSNIAALLSAYAENPT",0,1,0.9408
"FVQATWDTSSSRLFRTQFRM",0,1,1.0343
"KAVTLEASFTPDSQFIMIGS",0,1,1.171
"SPGHSDTDRDNSSLTGTLLH",0,1,1.2745
"YWDVLKACKVEDLGKVDFEE",0,1,1.1791
"DCADNRKCCQAGCSSVCSKP",0,1,1.3344
"ILLMAEGRVAFLGTPVEAVD",0,1,1.1296
"AYIVGAQPLCSQLPGLSPGQ",0,1,0.9583
"RHIERLCEMAPEMRGKVMLF",0,1,1.2529
"GLDADLIMLSLATHEPHFRV",0,1,1.1239
"VSETLKLYQEHPGYSEQDPN",0,1,1.2268
"LVSATCMALGLISGFLLLKV",0,1,1.0022
"DPELRPFNGKDKPIIDFLEG",0,1,1.2168
"VPAKAEEKQIFNTFEKSSGY",0,1,0.9498
"YVEAQTEEQVRRYLKDRNFN",0,1,1.3202
"YTEIVKEVLKHVNFDLKDLH",0,1,1.2584
"EVNNKLTPICLIHGELDEVV",0,1,1.325
"DVENKLFSPKENKESFDSEK",0,1,1.1812
"RILKTTRANVSILEKRALEK",0,1,0.8679
"RESPDVYVRKARILRTLGEN",0,1,1.3627
"YLCPHKVQMFCELNHEFDLD",0,1,1.2479
"YGRSLGIDPIGAISTCSFNC",0,1,0.526
"AGKEVKIVPITLGIQDEDVA",0,1,1.3111
"GIPTLILWVTSDQPIWAAQI",0,1,0.6406
"ASALLVPLFITAVDWTRWWV",0,1,0.9158
"LQILCLSATLKNPKEFVKLL",0,1,0.93
"GDAGEIARISGAKIVAMYDL",0,1,1.2167
"DPGMRWTGLEILDTADGSAF",0,1,1.2592
"KELRPEKFKKLLNALREKAK",0,1,1.2127
"NIKIQSYKHDGKIHRVWSET",0,1,1.2297
"QRFPFVRTDSLLQTVLSQAL",0,1,1.0941
"RFGRDVAYALKEIKPEKRGA",0,1,1.3154
"LIDYGVEEEYDEDEDEITLY",0,1,1.1727
"VENASLMPKEEACALIRRIA",0,1,1.3089
"SGVQIFVTLFAFGIVSCFLT",0,1,0.7142
"LVQLDIIKRSDSIKLPETAE",0,1,0.7932
"KGTAKDTVGNVKEKVHEYKE",0,1,1.2153
"VAWDFNHVGMIEASPDTPDA",0,1,1.3035
"LVERVTEAVAETIQANPEKI",0,1,1.3413
"YTIGIQVGPGFFSSLRVSGL",0,1,0.6214
"ITRHGPWKGGWLTLRRLSRC",0,1,1.2036
"AQALGVSHVELVTPTDETPF",0,1,1.2079
"MNALEAARTYNLHFFTPSSI",0,1,1.0888
"LSKLLLGLIRFYQYCISPLI",0,1,0.9497
"VLLLDAHREYGGEVTKELVR",0,1,1.2987
"RDAVRKYVLENNPLNKNETV",0,1,1.3973
"VFLERSCRFVQERYRAIYVD",0,1,0.5073
"HGFLDGEEYTQKLAQEGRLD",0,1,0.9702
"AFPSGHIGATLIVGCTFFYF",0,1,0.8543
"RGEDTQRDFDEFMTKHGEFF",0,1,0.9073
"QLKRDKVRGLKRVELKLNAE",0,1,1.3451
"LMNMKKSLWLWGFTDSAETW",0,1,0.4875
"FQLKENSKYTKDSLVPSNWN",0,1,1.2929
"TSIGLLVPFTLGLKTQNQQI",0,1,1.2428
"LAYYKRIAEEMLEENDSVTV",0,1,1.0351
"NENLSDLLSKLKDLKFVKKV",0,1,1.307
"FAFGFVIWLVVHRLLRGWIY",0,1,1.0687
"EVLPVVNMQGQPCGTLHFQD",0,1,0.8855
"LDDLVQGLSRSALNPIVSKD",0,1,1.3311
"RYNGNNALMFATYQDKMLVF",0,1,1.0305
"KQELGALIAACRREHVFCAC",0,1,1.2997
"VPGKPMLLGFSDSSYQQFFH",0,1,1.1798
"NRRNNEEIFVANTASEIQRT",0,1,1.3383
"GLVAPKGTDPKIVQKLHDAF",0,1,1.0551
"DEYSLRVFAKDVYTDSPICN",0,1,0.9756
"SISWYLLEELCCLFRFIYSI",0,1,1.1794
"MCDLNAAFILSYLQNNYKKI",0,1,1.287
"SYNKYIKICKYSVEALEIVK",0,1,1.3181
"SNTEVSPTGQCIRLGWVNIC",0,1,1.1933
"GGHLPEPAAWYPVYQDAPAP",0,1,1.2784
"ETVDEFVEQYIKLLPASDAA",0,1,1.284
"INGKKYVQKHMLKDWTFTLV",0,1,1.0432
"YIITMHILFFLSLIAEVLLM",0,1,0.601
"KCYFDSFYKDTFVTKIGVRR",0,1,1.1135
"NLYQLRDSIKLRLLNQPEPG",0,1,1.3373
"LYHAIPHQRAKMWLKKFDHC",0,1,1.1603
"VHLNRLISYLNPHINITVFT",0,1,1.1602
"HGHQHEHGQCCGGRHGRGGG",0,1,1.3454
"LLLNFRIKEGDRFYVIFEDD",0,1,0.9328
"IATVMSLSAGHSGIGHYAAV",0,1,1.2591
"MFPIRITEGRKLTENDLNST",0,1,1.0787
"LSHHNSVLDSIMVFITEYAI",0,1,0.625
"KSFSYRSVFMEHQKIHTGEK",0,1,1.2535
"SLGEPRDVLVLHVVAKEGQQ",0,1,1.2566
"KVGVQPTTVAEEGACVADLI",0,1,1.2399
"IQLLTGEVAIRTHHVSIYFS",0,1,0.5628
"LALSSGAAFAGHHWGNNDGM",0,1,1.2233
"LFTSKHSMKTHMVKRHKVGQ",0,1,1.276
"DGFANNKEEVRGLQLSKVRE",0,1,1.2666
