name,target,pred,pred_score
./epidope/e1-1.csv,1,0,0.701197
./epidope/e2-1.csv,1,0,0.632196
./epidope/e3-1.csv,1,0,0.716572
./epidope/e4-1.csv,1,0,0.630231
./epidope/e5-1.csv,1,0,0.697063
./epidope/e6-1.csv,1,0,0.573843
./epidope/e7-1.csv,1,0,0.66107
./epidope/e8-1.csv,1,0,0.716099
./epidope/e9-1.csv,1,0,0.637523
./epidope/e10-1.csv,1,0,0.763179
./epidope/e11-1.csv,1,0,0.731162
./epidope/e12-1.csv,1,0,0.803447
./epidope/e13-1.csv,1,0,0.651224
./epidope/e14-1.csv,1,0,0.663686
./epidope/e15-1.csv,1,0,0.774511
./epidope/e16-1.csv,1,0,0.545829
./epidope/e17-1.csv,1,0,0.664714
./epidope/e18-1.csv,1,0,0.70174
./epidope/e19-1.csv,1,0,0.620119
./epidope/e20-1.csv,1,0,0.656979
./epidope/e21-1.csv,1,0,0.722344
./epidope/e22-1.csv,1,0,0.725416
./epidope/e23-1.csv,1,0,0.749304
./epidope/e24-1.csv,1,0,0.658128
./epidope/e25-1.csv,1,0,0.667101
./epidope/e26-1.csv,1,0,0.71164
./epidope/e27-1.csv,1,0,0.799309
./epidope/e28-1.csv,1,0,0.691992
./epidope/e29-1.csv,1,0,0.734238
./epidope/e30-1.csv,1,0,0.693423
./epidope/e31-1.csv,1,0,0.67957
./epidope/e32-1.csv,1,0,0.68148
./epidope/e33-1.csv,1,0,0.80552
./epidope/e34-1.csv,1,0,0.678897
./epidope/e35-1.csv,1,0,0.748059
./epidope/e36-1.csv,1,0,0.738254
./epidope/e37-1.csv,1,0,0.696811
./epidope/e38-1.csv,1,0,0.756111
./epidope/e39-1.csv,1,0,0.717158
./epidope/e40-1.csv,1,0,0.724851
./epidope/e41-1.csv,1,0,0.726021
./epidope/e42-1.csv,1,0,0.729032
./epidope/e43-1.csv,1,0,0.743047
./epidope/e44-1.csv,1,0,0.609739
./epidope/e45-1.csv,1,0,0.77939
./epidope/e46-1.csv,1,0,0.748681
./epidope/e47-1.csv,1,0,0.686115
./epidope/e48-1.csv,1,0,0.763793
./epidope/e49-1.csv,1,0,0.708716
./epidope/e50-1.csv,1,0,0.716769
./epidope/e51-1.csv,1,0,0.714705
./epidope/e52-1.csv,1,0,0.710029
./epidope/e53-1.csv,1,0,0.670838
./epidope/e54-1.csv,1,0,0.772442
./epidope/e55-1.csv,1,0,0.679036
./epidope/e56-1.csv,1,0,0.764485
./epidope/e57-1.csv,1,0,0.695979
./epidope/e58-1.csv,1,0,0.724755
./epidope/e59-1.csv,1,0,0.654509
./epidope/e60-1.csv,1,0,0.781374
./epidope/e61-1.csv,1,0,0.711797
./epidope/e62-1.csv,1,0,0.706644
./epidope/e63-1.csv,1,0,0.61323
./epidope/e64-1.csv,1,0,0.779779
./epidope/e65-1.csv,1,0,0.774987
./epidope/e66-1.csv,1,0,0.708617
./epidope/e67-1.csv,1,0,0.775059
./epidope/e68-1.csv,1,0,0.700182
./epidope/e69-1.csv,1,0,0.725415
./epidope/e70-1.csv,1,0,0.71653
./epidope/e71-1.csv,1,0,0.718721
./epidope/e72-1.csv,1,0,0.777054
./epidope/e73-1.csv,1,0,0.677961
./epidope/e74-1.csv,1,0,0.719328
./epidope/e75-1.csv,1,0,0.73947
./epidope/e76-1.csv,1,0,0.591792
./epidope/e77-1.csv,1,0,0.630336
./epidope/e78-1.csv,1,0,0.660871
./epidope/e79-1.csv,1,0,0.588246
./epidope/e80-1.csv,1,0,0.531646
./epidope/e81-1.csv,1,0,0.581812
./epidope/e82-1.csv,1,0,0.767741
./epidope/e83-1.csv,1,0,0.751792
./epidope/e84-1.csv,1,0,0.734885
./epidope/e85-1.csv,1,0,0.678822
./epidope/e86-1.csv,1,0,0.645998
./epidope/e87-1.csv,1,0,0.708089
./epidope/e88-1.csv,1,0,0.778133
./epidope/e89-1.csv,1,0,0.716264
./epidope/e90-1.csv,1,0,0.65761
./epidope/e91-1.csv,1,0,0.761573
./epidope/e92-1.csv,1,0,0.772458
./epidope/e93-1.csv,1,0,0.567777
./epidope/e94-1.csv,1,1,0.818715
./epidope/e95-1.csv,1,0,0.718545
./epidope/e96-1.csv,1,0,0.74804
./epidope/e97-1.csv,1,0,0.692715
./epidope/e98-1.csv,1,0,0.768085
./epidope/e99-1.csv,1,0,0.642778
./epidope/e100-1.csv,1,0,0.777577
./epidope/e101-1.csv,1,0,0.630422
./epidope/e102-1.csv,1,1,0.832122
./epidope/e103-1.csv,1,0,0.681967
./epidope/e104-1.csv,1,0,0.660825
./epidope/e105-1.csv,1,0,0.631723
./epidope/e106-1.csv,1,0,0.725454
./epidope/e107-1.csv,1,0,0.723214
./epidope/e108-1.csv,1,0,0.711675
./epidope/e109-1.csv,1,0,0.735069
./epidope/e110-1.csv,1,0,0.742285
./epidope/e111-1.csv,1,0,0.682592
./epidope/e112-1.csv,1,0,0.693206
./epidope/e113-1.csv,1,0,0.700866
./epidope/e114-1.csv,1,0,0.611751
./epidope/e115-1.csv,1,0,0.694713
./epidope/e116-1.csv,1,0,0.665522
./epidope/e117-1.csv,1,0,0.677348
./epidope/e118-1.csv,1,0,0.641743
./epidope/e119-1.csv,1,0,0.720316
./epidope/e120-1.csv,1,0,0.61289
./epidope/e121-1.csv,1,0,0.763494
./epidope/e122-1.csv,1,0,0.696117
./epidope/e123-1.csv,1,0,0.727806
./epidope/e124-1.csv,1,0,0.770334
./epidope/e125-1.csv,1,0,0.750548
./epidope/e126-1.csv,1,0,0.696578
./epidope/e127-1.csv,1,0,0.696103
./epidope/e128-1.csv,1,0,0.732777
./epidope/e129-1.csv,1,0,0.632614
./epidope/e130-1.csv,1,0,0.77394
./epidope/e131-1.csv,1,0,0.736973
./epidope/e132-1.csv,1,0,0.701872
./epidope/e133-1.csv,1,0,0.687341
./epidope/e134-1.csv,1,0,0.601461
./epidope/e135-1.csv,1,0,0.783688
./epidope/e136-1.csv,1,0,0.701345
./epidope/e137-1.csv,1,0,0.730206
./epidope/e138-1.csv,1,0,0.605794
./epidope/e139-1.csv,1,0,0.697765
./epidope/e140-1.csv,1,0,0.637892
./epidope/e141-1.csv,1,0,0.782879
./epidope/e142-1.csv,1,0,0.762902
./epidope/e143-1.csv,1,0,0.747384
./epidope/e144-1.csv,1,0,0.740293
./epidope/e145-1.csv,1,0,0.766114
./epidope/e146-1.csv,1,0,0.718027
./epidope/e147-1.csv,1,0,0.730047
./epidope/e148-1.csv,1,0,0.691899
./epidope/e149-1.csv,1,0,0.701027
./epidope/e150-1.csv,1,0,0.647251
./epidope/e151-1.csv,1,0,0.657116
./epidope/e152-1.csv,1,0,0.777793
./epidope/e153-1.csv,1,0,0.701943
./epidope/e154-1.csv,1,0,0.713058
./epidope/e155-1.csv,1,0,0.719213
./epidope/e156-1.csv,1,0,0.767459
./epidope/e157-1.csv,1,0,0.7437
./epidope/e158-1.csv,1,0,0.629203
./epidope/e159-1.csv,1,0,0.717376
./epidope/e160-1.csv,1,0,0.664924
./epidope/e161-1.csv,1,0,0.777995
./epidope/e162-1.csv,1,0,0.765507
./epidope/e163-1.csv,1,1,0.847184
./epidope/e164-1.csv,1,0,0.719009
./epidope/e165-1.csv,1,0,0.664852
./epidope/e166-1.csv,1,0,0.689311
./epidope/e167-1.csv,1,0,0.650085
./epidope/e168-1.csv,1,0,0.776144
./epidope/e169-1.csv,1,0,0.698511
./epidope/e170-1.csv,1,0,0.58721
./epidope/e171-1.csv,1,0,0.694543
./epidope/e172-1.csv,1,0,0.753563
./epidope/e173-1.csv,1,0,0.744324
./epidope/e174-1.csv,1,0,0.71021
./epidope/e175-1.csv,1,0,0.554648
./epidope/e176-1.csv,1,0,0.815906
./epidope/e177-1.csv,1,0,0.609246
./epidope/e178-1.csv,1,0,0.660336
./epidope/e179-1.csv,1,0,0.724596
./epidope/e180-1.csv,1,0,0.62078
./epidope/e181-1.csv,1,0,0.769004
./epidope/e182-1.csv,1,0,0.650285
./epidope/e183-1.csv,1,1,0.820721
./epidope/e184-1.csv,1,0,0.713837
./epidope/e185-1.csv,1,0,0.538149
./epidope/e186-1.csv,1,0,0.683746
./epidope/e187-1.csv,1,0,0.781774
./epidope/e188-1.csv,1,0,0.576597
./epidope/e189-1.csv,1,0,0.706332
./epidope/e190-1.csv,1,0,0.70699
./epidope/e191-1.csv,1,0,0.704237
./epidope/e192-1.csv,1,0,0.66128
./epidope/e193-1.csv,1,0,0.571281
./epidope/e194-1.csv,1,0,0.796617
./epidope/e195-1.csv,1,0,0.748228
./epidope/e196-1.csv,1,0,0.72508
./epidope/e197-1.csv,1,0,0.655562
./epidope/e198-1.csv,1,0,0.701106
./epidope/e199-1.csv,1,0,0.718242
./epidope/e200-1.csv,1,0,0.755872
./epidope/e201-1.csv,1,0,0.667343
./epidope/e202-1.csv,1,0,0.669959
./epidope/e203-1.csv,1,0,0.705406
./epidope/e204-1.csv,1,0,0.725688
./epidope/e205-1.csv,1,0,0.731897
./epidope/e206-1.csv,1,0,0.737647
./epidope/e207-1.csv,1,0,0.750746
./epidope/e208-1.csv,1,0,0.587339
./epidope/e209-1.csv,1,0,0.74987
./epidope/e210-1.csv,1,0,0.643282
./epidope/e211-1.csv,1,0,0.735853
./epidope/e212-1.csv,1,0,0.725018
./epidope/e213-1.csv,1,0,0.68983
./epidope/e214-1.csv,1,0,0.714705
./epidope/e215-1.csv,1,0,0.657603
./epidope/e216-1.csv,1,0,0.78339
./epidope/e217-1.csv,1,0,0.729164
./epidope/e218-1.csv,1,0,0.754182
./epidope/e219-1.csv,1,0,0.712925
./epidope/e220-1.csv,1,0,0.765815
./epidope/e221-1.csv,1,0,0.792477
./epidope/e222-1.csv,1,0,0.786471
./epidope/e223-1.csv,1,0,0.642103
./epidope/e224-1.csv,1,0,0.739247
./epidope/e225-1.csv,1,0,0.741374
./epidope/e226-1.csv,1,0,0.727166
./epidope/e227-1.csv,1,0,0.682877
./epidope/e228-1.csv,1,0,0.765971
./epidope/e229-1.csv,1,1,0.835386
./epidope/e230-1.csv,1,0,0.675163
./epidope/e231-1.csv,1,0,0.667834
./epidope/e232-1.csv,1,0,0.666313
./epidope/e233-1.csv,1,0,0.786984
./epidope/e234-1.csv,1,0,0.73958
./epidope/e235-1.csv,1,0,0.714121
./epidope/e236-1.csv,1,0,0.754279
./epidope/e237-1.csv,1,0,0.726568
./epidope/e238-1.csv,1,0,0.751239
./epidope/e239-1.csv,1,1,0.839132
./epidope/e240-1.csv,1,0,0.777805
./epidope/e241-1.csv,1,0,0.703509
./epidope/e242-1.csv,1,0,0.806145
./epidope/e243-1.csv,1,0,0.719945
./epidope/e244-1.csv,1,0,0.662651
./epidope/e245-1.csv,1,0,0.705767
./epidope/e246-1.csv,1,0,0.664212
./epidope/e247-1.csv,1,0,0.743125
./epidope/e248-1.csv,1,0,0.740141
./epidope/e249-1.csv,1,0,0.606945
./epidope/e250-1.csv,1,0,0.608587
./epidope/e251-1.csv,1,0,0.77125
./epidope/e252-1.csv,1,0,0.736698
./epidope/e253-1.csv,1,0,0.638128
./epidope/e254-1.csv,1,0,0.685946
./epidope/e255-1.csv,1,0,0.786733
./epidope/e256-1.csv,1,0,0.688162
./epidope/e257-1.csv,1,0,0.674065
./epidope/e258-1.csv,1,0,0.742068
./epidope/e259-1.csv,1,0,0.680425
./epidope/e260-1.csv,1,0,0.706145
./epidope/e261-1.csv,1,0,0.766331
./epidope/e262-1.csv,1,0,0.710104
./epidope/e263-1.csv,1,0,0.677857
./epidope/e264-1.csv,1,0,0.620274
./epidope/e265-1.csv,1,0,0.712088
./epidope/e266-1.csv,1,0,0.684638
./epidope/e267-1.csv,1,0,0.777708
./epidope/e268-1.csv,1,0,0.705129
./epidope/e269-1.csv,1,0,0.668732
./epidope/e270-1.csv,1,0,0.730103
./epidope/e271-1.csv,1,0,0.672045
./epidope/e272-1.csv,1,0,0.663721
./epidope/e273-1.csv,1,0,0.777147
./epidope/e274-1.csv,1,0,0.729807
./epidope/e275-1.csv,1,0,0.704888
./epidope/e276-1.csv,1,0,0.666283
./epidope/e277-1.csv,1,0,0.7138
./epidope/e278-1.csv,1,0,0.757191
./epidope/e279-1.csv,1,0,0.780481
./epidope/e280-1.csv,1,0,0.734312
./epidope/e281-1.csv,1,0,0.686828
./epidope/e282-1.csv,1,1,0.825571
./epidope/e283-1.csv,1,0,0.749742
./epidope/e284-1.csv,1,0,0.713339
./epidope/e285-1.csv,1,0,0.741734
./epidope/e286-1.csv,1,0,0.749312
./epidope/e287-1.csv,1,0,0.735567
./epidope/e288-1.csv,1,0,0.74994
./epidope/e289-1.csv,1,0,0.707732
./epidope/e290-1.csv,1,0,0.774943
./epidope/e291-1.csv,1,0,0.716802
./epidope/e292-1.csv,1,0,0.647232
./epidope/e293-1.csv,1,1,0.832377
./epidope/e294-1.csv,1,0,0.760952
./epidope/e295-1.csv,1,0,0.64891
./epidope/e296-1.csv,1,0,0.789309
./epidope/e297-1.csv,1,0,0.761609
./epidope/e298-1.csv,1,0,0.799408
./epidope/e299-1.csv,1,0,0.610522
./epidope/e300-1.csv,1,0,0.761332
./epidope/e301-1.csv,1,0,0.740934
./epidope/e302-1.csv,1,0,0.631215
./epidope/e303-1.csv,1,0,0.679937
./epidope/e304-1.csv,1,0,0.708848
./epidope/e305-1.csv,1,0,0.759215
./epidope/e306-1.csv,1,0,0.720576
./epidope/e307-1.csv,1,0,0.743909
./epidope/e308-1.csv,1,0,0.562943
./epidope/e309-1.csv,1,0,0.781757
./epidope/e310-1.csv,1,0,0.747964
./epidope/e311-1.csv,1,0,0.664825
./epidope/e312-1.csv,1,0,0.808667
./epidope/e313-1.csv,1,0,0.669067
./epidope/e314-1.csv,1,0,0.724924
./epidope/e315-1.csv,1,0,0.759665
./epidope/e316-1.csv,1,0,0.673437
./epidope/e317-1.csv,1,0,0.677529
./epidope/e318-1.csv,1,0,0.630891
./epidope/e319-1.csv,1,0,0.693408
./epidope/e320-1.csv,1,0,0.786622
./epidope/e321-1.csv,1,0,0.732282
./epidope/e322-1.csv,1,0,0.667244
./epidope/e323-1.csv,1,0,0.723624
./epidope/e324-1.csv,1,0,0.649167
./epidope/e325-1.csv,1,0,0.664869
./epidope/e326-1.csv,1,0,0.741739
./epidope/e327-1.csv,1,0,0.711394
./epidope/e328-1.csv,1,0,0.740113
./epidope/e329-1.csv,1,0,0.581434
./epidope/e330-1.csv,1,0,0.742523
./epidope/e331-1.csv,1,0,0.654003
./epidope/e332-1.csv,1,0,0.640703
./epidope/e333-1.csv,1,0,0.717241
./epidope/e334-1.csv,1,0,0.702298
./epidope/e335-1.csv,1,0,0.725553
./epidope/e336-1.csv,1,0,0.547176
./epidope/e337-1.csv,1,0,0.781828
./epidope/e338-1.csv,1,0,0.780629
./epidope/e339-1.csv,1,0,0.703417
./epidope/e340-1.csv,1,0,0.708384
./epidope/e341-1.csv,1,0,0.675487
./epidope/e342-1.csv,1,0,0.79116
./epidope/e343-1.csv,1,1,0.838193
./epidope/e344-1.csv,1,0,0.709432
./epidope/e345-1.csv,1,1,0.821586
./epidope/e346-1.csv,1,0,0.781464
./epidope/e347-1.csv,1,0,0.712216
./epidope/e348-1.csv,1,0,0.757139
./epidope/e349-1.csv,1,0,0.781836
./epidope/e350-1.csv,1,0,0.665802
./epidope/e351-1.csv,1,0,0.753924
./epidope/e352-1.csv,1,0,0.71268
./epidope/e353-1.csv,1,0,0.685804
./epidope/e354-1.csv,1,0,0.796582
./epidope/e355-1.csv,1,0,0.76135
./epidope/e356-1.csv,1,0,0.759683
./epidope/e357-1.csv,1,0,0.689482
./epidope/e358-1.csv,1,0,0.629843
./epidope/e359-1.csv,1,0,0.786306
./epidope/e360-1.csv,1,0,0.665121
./epidope/e361-1.csv,1,0,0.791775
./epidope/e362-1.csv,1,0,0.653057
./epidope/e363-1.csv,1,0,0.738258
./epidope/e364-1.csv,1,0,0.647973
./epidope/e365-1.csv,1,0,0.721559
./epidope/e366-1.csv,1,0,0.745537
./epidope/e367-1.csv,1,0,0.640547
./epidope/e368-1.csv,1,0,0.638745
./epidope/e369-1.csv,1,0,0.645904
./epidope/e370-1.csv,1,0,0.70807
./epidope/e371-1.csv,1,0,0.684482
./epidope/e372-1.csv,1,0,0.714593
./epidope/e373-1.csv,1,0,0.744193
./epidope/e374-1.csv,1,0,0.659588
./epidope/e375-1.csv,1,0,0.808771
./epidope/e376-1.csv,1,0,0.796275
./epidope/e377-1.csv,1,0,0.67672
./epidope/e378-1.csv,1,0,0.815084
./epidope/e379-1.csv,1,0,0.722409
./epidope/e380-1.csv,1,0,0.724056
./epidope/e381-1.csv,1,0,0.562034
./epidope/e382-1.csv,1,0,0.728375
./epidope/e383-1.csv,1,0,0.655105
./epidope/e384-1.csv,1,0,0.652413
./epidope/e385-1.csv,1,0,0.774387
./epidope/e386-1.csv,1,0,0.715772
./epidope/e387-1.csv,1,0,0.734452
./epidope/e388-1.csv,1,0,0.725145
./epidope/e389-1.csv,1,0,0.72501
./epidope/e390-1.csv,1,0,0.710674
./epidope/e391-1.csv,1,0,0.766589
./epidope/e392-1.csv,1,0,0.654313
./epidope/e393-1.csv,1,0,0.6319
./epidope/e394-1.csv,1,0,0.754674
./epidope/e395-1.csv,1,0,0.610271
./epidope/e396-1.csv,1,0,0.728514
./epidope/e397-1.csv,1,0,0.690836
./epidope/e398-1.csv,1,0,0.678185
./epidope/e399-1.csv,1,0,0.738408
./epidope/e400-1.csv,1,0,0.698699
./epidope/e401-1.csv,1,0,0.782509
./epidope/e402-1.csv,1,0,0.793239
./epidope/e403-1.csv,1,0,0.54821
./epidope/e404-1.csv,1,0,0.625731
./epidope/e405-1.csv,1,0,0.722234
./epidope/e406-1.csv,1,0,0.691052
./epidope/e407-1.csv,1,0,0.733974
./epidope/e408-1.csv,1,0,0.672522
./epidope/e409-1.csv,1,0,0.659929
./epidope/e410-1.csv,1,0,0.736742
./epidope/e411-1.csv,1,0,0.695588
./epidope/e412-1.csv,1,0,0.749818
./epidope/e413-1.csv,1,0,0.74791
./epidope/e414-1.csv,1,0,0.681613
./epidope/e415-1.csv,1,0,0.661783
./epidope/e416-1.csv,1,0,0.630759
./epidope/e417-1.csv,1,0,0.800511
./epidope/e418-1.csv,1,0,0.760288
./epidope/e419-1.csv,1,0,0.59807
./epidope/e420-1.csv,1,0,0.636796
./epidope/e421-1.csv,1,0,0.72893
./epidope/e422-1.csv,1,0,0.689503
./epidope/e423-1.csv,1,0,0.747979
./epidope/e424-1.csv,1,0,0.625898
./epidope/e425-1.csv,1,0,0.663936
./epidope/e426-1.csv,1,0,0.661191
./epidope/e427-1.csv,1,1,0.841479
./epidope/e428-1.csv,1,0,0.691581
./epidope/e429-1.csv,1,0,0.710765
./epidope/e430-1.csv,1,0,0.739447
./epidope/e431-1.csv,1,0,0.746676
./epidope/e432-1.csv,1,0,0.78148
./epidope/e433-1.csv,1,0,0.707247
./epidope/e434-1.csv,1,0,0.749882
./epidope/e435-1.csv,1,0,0.750128
./epidope/e436-1.csv,1,0,0.691189
./epidope/e437-1.csv,1,0,0.734564
./epidope/e438-1.csv,1,0,0.578378
./epidope/e439-1.csv,1,0,0.628098
./epidope/e440-1.csv,1,0,0.690092
./epidope/e441-1.csv,1,0,0.780157
./epidope/e442-1.csv,1,0,0.652095
./epidope/e443-1.csv,1,0,0.741407
./epidope/e444-1.csv,1,0,0.667197
./epidope/e445-1.csv,1,0,0.705544
./epidope/e446-1.csv,1,0,0.763664
./epidope/e447-1.csv,1,0,0.701258
./epidope/e448-1.csv,1,0,0.628802
./epidope/e449-1.csv,1,0,0.59268
./epidope/e450-1.csv,1,0,0.750384
./epidope/e451-1.csv,1,0,0.673081
./epidope/e452-1.csv,1,0,0.707154
./epidope/e453-1.csv,1,0,0.64721
./epidope/e454-1.csv,1,0,0.782578
./epidope/e455-1.csv,1,0,0.725391
./epidope/e456-1.csv,1,0,0.791499
./epidope/e457-1.csv,1,0,0.736007
./epidope/e458-1.csv,1,0,0.789525
./epidope/e459-1.csv,1,0,0.695254
./epidope/e460-1.csv,1,0,0.786631
./epidope/e461-1.csv,1,0,0.65683
./epidope/e462-1.csv,1,0,0.779569
./epidope/e463-1.csv,1,0,0.737895
./epidope/e464-1.csv,1,0,0.757824
./epidope/e465-1.csv,1,0,0.74813
./epidope/e466-1.csv,1,0,0.6406
./epidope/e467-1.csv,1,0,0.73921
./epidope/e468-1.csv,1,0,0.77211
./epidope/e469-1.csv,1,0,0.686928
./epidope/e470-1.csv,1,0,0.762647
./epidope/e471-1.csv,1,0,0.735885
./epidope/e472-1.csv,1,0,0.686592
./epidope/e473-1.csv,1,0,0.654367
./epidope/e474-1.csv,1,0,0.75481
./epidope/e475-1.csv,1,0,0.701861
./epidope/e476-1.csv,1,0,0.788467
./epidope/e477-1.csv,1,0,0.655526
./epidope/e478-1.csv,1,0,0.648092
./epidope/e479-1.csv,1,0,0.719589
./epidope/e480-1.csv,1,0,0.757058
./epidope/e481-1.csv,1,0,0.748336
./epidope/e482-1.csv,1,0,0.644762
./epidope/e483-1.csv,1,0,0.794408
./epidope/e484-1.csv,1,0,0.774262
./epidope/e485-1.csv,1,0,0.68817
./epidope/e486-1.csv,1,0,0.775965
./epidope/e487-1.csv,1,0,0.72143
./epidope/e488-1.csv,1,0,0.687374
./epidope/e489-1.csv,1,0,0.580299
./epidope/e490-1.csv,1,0,0.727781
./epidope/e491-1.csv,1,0,0.640669
./epidope/e492-1.csv,1,0,0.726601
./epidope/e493-1.csv,1,0,0.687574
./epidope/e494-1.csv,1,0,0.692287
./epidope/e495-1.csv,1,0,0.74365
./epidope/e496-1.csv,1,0,0.739341
./epidope/e497-1.csv,1,0,0.722959
./epidope/e498-1.csv,1,0,0.73431
./epidope/e499-1.csv,1,0,0.658292
./epidope/e500-1.csv,1,0,0.734668
./epidope/e501-1.csv,1,0,0.709247
./epidope/e502-1.csv,1,0,0.806445
./epidope/e503-1.csv,1,0,0.806413
./epidope/e504-1.csv,1,0,0.706257
./epidope/e505-1.csv,1,0,0.74593
./epidope/e506-1.csv,1,0,0.693959
./epidope/e507-1.csv,1,0,0.750648
./epidope/e508-1.csv,1,0,0.719365
./epidope/e509-1.csv,1,0,0.681591
./epidope/e510-1.csv,1,0,0.711858
./epidope/e511-1.csv,1,0,0.705568
./epidope/e512-1.csv,1,0,0.622521
./epidope/e513-1.csv,1,0,0.678753
./epidope/e514-1.csv,1,0,0.650452
./epidope/e515-1.csv,1,0,0.786942
./epidope/e516-1.csv,1,0,0.704297
./epidope/e517-1.csv,1,0,0.704979
./epidope/e518-1.csv,1,0,0.765581
./epidope/e519-1.csv,1,0,0.717549
./epidope/e520-1.csv,1,0,0.679543
./epidope/e521-1.csv,1,0,0.754099
./epidope/e522-1.csv,1,0,0.746742
./epidope/e523-1.csv,1,0,0.747368
./epidope/e524-1.csv,1,0,0.698181
./epidope/e525-1.csv,1,0,0.47392
./epidope/e526-1.csv,1,0,0.62479
./epidope/e527-1.csv,1,0,0.778242
./epidope/e528-1.csv,1,0,0.791507
./epidope/e529-1.csv,1,0,0.809426
./epidope/e530-1.csv,1,0,0.795393
./epidope/e531-1.csv,1,0,0.654135
./epidope/e532-1.csv,1,0,0.709605
./epidope/e533-1.csv,1,0,0.759456
./epidope/e534-1.csv,1,0,0.607995
./epidope/e535-1.csv,1,0,0.649696
./epidope/e536-1.csv,1,0,0.619205
./epidope/e537-1.csv,1,0,0.738254
./epidope/e538-1.csv,1,0,0.694664
./epidope/e539-1.csv,1,0,0.716908
./epidope/e540-1.csv,1,0,0.69002
./epidope/e541-1.csv,1,0,0.607496
./epidope/e542-1.csv,1,0,0.760664
./epidope/e543-1.csv,1,0,0.692221
./epidope/e544-1.csv,1,0,0.737325
./epidope/e545-1.csv,1,0,0.786553
./epidope/e546-1.csv,1,0,0.794037
./epidope/e547-1.csv,1,0,0.685079
./epidope/e548-1.csv,1,0,0.778918
./epidope/e549-1.csv,1,0,0.661484
./epidope/e550-1.csv,1,0,0.808949
./epidope/e551-1.csv,1,0,0.800269
./epidope/e552-1.csv,1,0,0.707631
./epidope/e553-1.csv,1,0,0.693263
./epidope/e554-1.csv,1,0,0.706269
./epidope/e555-1.csv,1,0,0.628911
./epidope/e556-1.csv,1,0,0.764078
./epidope/e557-1.csv,1,0,0.716253
./epidope/e558-1.csv,1,0,0.779322
./epidope/e559-1.csv,1,0,0.703281
./epidope/e560-1.csv,1,0,0.725971
./epidope/e561-1.csv,1,0,0.736293
./epidope/e562-1.csv,1,0,0.622674
./epidope/e563-1.csv,1,0,0.738266
./epidope/e564-1.csv,1,0,0.740248
./epidope/e565-1.csv,1,0,0.669076
./epidope/e566-1.csv,1,0,0.651848
./epidope/e567-1.csv,1,0,0.799567
./epidope/e568-1.csv,1,0,0.749837
./epidope/e569-1.csv,1,1,0.839143
./epidope/e570-1.csv,1,0,0.662047
./epidope/e571-1.csv,1,0,0.69577
./epidope/e572-1.csv,1,0,0.717012
./epidope/e573-1.csv,1,0,0.713804
./epidope/e574-1.csv,1,0,0.62032
./epidope/e575-1.csv,1,0,0.787787
./epidope/e576-1.csv,1,0,0.670037
./epidope/e577-1.csv,1,0,0.738235
./epidope/e578-1.csv,1,0,0.702474
./epidope/e579-1.csv,1,0,0.637352
./epidope/e580-1.csv,1,0,0.592625
./epidope/e581-1.csv,1,0,0.783247
./epidope/e582-1.csv,1,0,0.686933
./epidope/e583-1.csv,1,0,0.732959
./epidope/e584-1.csv,1,0,0.710525
./epidope/e585-1.csv,1,0,0.710269
./epidope/e586-1.csv,1,0,0.600826
./epidope/e587-1.csv,1,0,0.706806
./epidope/e588-1.csv,1,0,0.731974
./epidope/e589-1.csv,1,0,0.650809
./epidope/e590-1.csv,1,0,0.712494
./epidope/e591-1.csv,1,0,0.774883
./epidope/e592-1.csv,1,0,0.694321
./epidope/e593-1.csv,1,0,0.767155
./epidope/e594-1.csv,1,0,0.753571
./epidope/e595-1.csv,1,0,0.724885
./epidope/e596-1.csv,1,0,0.764147
./epidope/e597-1.csv,1,0,0.67865
./epidope/e598-1.csv,1,0,0.693967
./epidope/e599-1.csv,1,0,0.711535
./epidope/e600-1.csv,1,0,0.595484
./epidope/e601-1.csv,1,0,0.697964
./epidope/e602-1.csv,1,0,0.716977
./epidope/e603-1.csv,1,0,0.705609
./epidope/e604-1.csv,1,0,0.615012
./epidope/e605-1.csv,1,0,0.630718
./epidope/e606-1.csv,1,0,0.689523
./epidope/e607-1.csv,1,0,0.713312
./epidope/e608-1.csv,1,0,0.751163
./epidope/e609-1.csv,1,0,0.734974
./epidope/e610-1.csv,1,0,0.748755
./epidope/e611-1.csv,1,0,0.62968
./epidope/e612-1.csv,1,0,0.767122
./epidope/e613-1.csv,1,0,0.71501
./epidope/e614-1.csv,1,0,0.636287
./epidope/e615-1.csv,1,0,0.688586
./epidope/e616-1.csv,1,0,0.68865
./epidope/e617-1.csv,1,0,0.73321
./epidope/e618-1.csv,1,0,0.695492
./epidope/e619-1.csv,1,0,0.786669
./epidope/e620-1.csv,1,0,0.716584
./epidope/e621-1.csv,1,1,0.820084
./epidope/e622-1.csv,1,0,0.75212
./epidope/e623-1.csv,1,0,0.783748
./epidope/e624-1.csv,1,0,0.791297
./epidope/e625-1.csv,1,0,0.787257
./epidope/e626-1.csv,1,0,0.631461
./epidope/e627-1.csv,1,0,0.655862
./epidope/e628-1.csv,1,0,0.607347
./epidope/e629-1.csv,1,0,0.743864
./epidope/e630-1.csv,1,0,0.725108
./epidope/e631-1.csv,1,0,0.650009
./epidope/e632-1.csv,1,0,0.693365
./epidope/e633-1.csv,1,0,0.5748
./epidope/e634-1.csv,1,0,0.692384
./epidope/e635-1.csv,1,1,0.83684
./epidope/e636-1.csv,1,0,0.699308
./epidope/e637-1.csv,1,0,0.784635
./epidope/e638-1.csv,1,0,0.738205
./epidope/e639-1.csv,1,0,0.71003
./epidope/e640-1.csv,1,0,0.66783
./epidope/e641-1.csv,1,0,0.738464
./epidope/e642-1.csv,1,0,0.639676
./epidope/e643-1.csv,1,0,0.816431
./epidope/e644-1.csv,1,0,0.58834
./epidope/e645-1.csv,1,0,0.7222
./epidope/e646-1.csv,1,0,0.735663
./epidope/e647-1.csv,1,0,0.561949
./epidope/e648-1.csv,1,0,0.725579
./epidope/e649-1.csv,1,0,0.737867
./epidope/e650-1.csv,1,0,0.706866
./epidope/e651-1.csv,1,0,0.584885
./epidope/e652-1.csv,1,0,0.6845
./epidope/e653-1.csv,1,0,0.686035
./epidope/e654-1.csv,1,0,0.616782
./epidope/e655-1.csv,1,0,0.715757
./epidope/e656-1.csv,1,0,0.764191
./epidope/e657-1.csv,1,0,0.742162
./epidope/e658-1.csv,1,0,0.580494
./epidope/e659-1.csv,1,0,0.780884
./epidope/e660-1.csv,1,0,0.653356
./epidope/e661-1.csv,1,0,0.765834
./epidope/e662-1.csv,1,0,0.64517
./epidope/e663-1.csv,1,0,0.69908
./epidope/e664-1.csv,1,0,0.707948
./epidope/e665-1.csv,1,0,0.722419
./epidope/e666-1.csv,1,0,0.635843
./epidope/e667-1.csv,1,0,0.684826
./epidope/e668-1.csv,1,0,0.655706
./epidope/e669-1.csv,1,0,0.691596
./epidope/e670-1.csv,1,0,0.674497
./epidope/e671-1.csv,1,0,0.764608
./epidope/e672-1.csv,1,0,0.71377
./epidope/e673-1.csv,1,0,0.687305
./epidope/e674-1.csv,1,0,0.678611
./epidope/e675-1.csv,1,0,0.685011
./epidope/e676-1.csv,1,0,0.699307
./epidope/e677-1.csv,1,0,0.739053
./epidope/e678-1.csv,1,0,0.702465
./epidope/e679-1.csv,1,0,0.62323
./epidope/e680-1.csv,1,0,0.692012
./epidope/e681-1.csv,1,0,0.635531
./epidope/e682-1.csv,1,0,0.658387
./epidope/e683-1.csv,1,0,0.747931
./epidope/e684-1.csv,1,0,0.70464
./epidope/e685-1.csv,1,0,0.715831
./epidope/e686-1.csv,1,0,0.714322
./epidope/e687-1.csv,1,0,0.698741
./epidope/e688-1.csv,1,0,0.734354
./epidope/e689-1.csv,1,0,0.681182
./epidope/e690-1.csv,1,0,0.656825
./epidope/e691-1.csv,1,0,0.640328
./epidope/e692-1.csv,1,0,0.793727
./epidope/e693-1.csv,1,0,0.616442
./epidope/e694-1.csv,1,0,0.794136
./epidope/e695-1.csv,1,0,0.785819
./epidope/e696-1.csv,1,0,0.705596
./epidope/e697-1.csv,1,1,0.863078
./epidope/e698-1.csv,1,0,0.69865
./epidope/e699-1.csv,1,0,0.668202
./epidope/e700-1.csv,1,0,0.770333
./epidope/e701-1.csv,1,0,0.772816
./epidope/e702-1.csv,1,0,0.811947
./epidope/e703-1.csv,1,0,0.725838
./epidope/e704-1.csv,1,0,0.651238
./epidope/e705-1.csv,1,0,0.734339
./epidope/e706-1.csv,1,0,0.70028
./epidope/e707-1.csv,1,0,0.691602
./epidope/e708-1.csv,1,0,0.748723
./epidope/e709-1.csv,1,0,0.662019
./epidope/e710-1.csv,1,0,0.71997
./epidope/e711-1.csv,1,0,0.700413
./epidope/e712-1.csv,1,0,0.695094
./epidope/e713-1.csv,1,0,0.735323
./epidope/e714-1.csv,1,0,0.680902
./epidope/e715-1.csv,1,0,0.756114
./epidope/e716-1.csv,1,0,0.669379
./epidope/e717-1.csv,1,0,0.78842
./epidope/e718-1.csv,1,0,0.600303
./epidope/e719-1.csv,1,0,0.587834
./epidope/e720-1.csv,1,0,0.761824
./epidope/e721-1.csv,1,0,0.616215
./epidope/e722-1.csv,1,0,0.738392
./epidope/e723-1.csv,1,0,0.678534
./epidope/e724-1.csv,1,0,0.70754
./epidope/e725-1.csv,1,0,0.668075
./epidope/e726-1.csv,1,0,0.724144
./epidope/e727-1.csv,1,0,0.805727
./epidope/e728-1.csv,1,0,0.726248
./epidope/e729-1.csv,1,0,0.656752
./epidope/e730-1.csv,1,0,0.596054
./epidope/e731-1.csv,1,0,0.63452
./epidope/e732-1.csv,1,0,0.684137
./epidope/e733-1.csv,1,0,0.71551
./epidope/e734-1.csv,1,0,0.684739
./epidope/e735-1.csv,1,0,0.783475
./epidope/e736-1.csv,1,0,0.548789
./epidope/e737-1.csv,1,0,0.658538
./epidope/e738-1.csv,1,0,0.703737
./epidope/e739-1.csv,1,0,0.588979
./epidope/e740-1.csv,1,0,0.609943
./epidope/e741-1.csv,1,0,0.746103
./epidope/e742-1.csv,1,0,0.644064
./epidope/e743-1.csv,1,0,0.7082
./epidope/e744-1.csv,1,0,0.591188
./epidope/e745-1.csv,1,0,0.50281
./epidope/e746-1.csv,1,0,0.677091
./epidope/e747-1.csv,1,0,0.734792
./epidope/e748-1.csv,1,0,0.70598
./epidope/e749-1.csv,1,0,0.585033
./epidope/e750-1.csv,1,0,0.718055
./epidope/e751-1.csv,1,0,0.703725
./epidope/e752-1.csv,1,0,0.726667
./epidope/e753-1.csv,1,0,0.713515
./epidope/e754-1.csv,1,0,0.694552
./epidope/e755-1.csv,1,0,0.661659
./epidope/e756-1.csv,1,0,0.658463
./epidope/e757-1.csv,1,0,0.718838
./epidope/e758-1.csv,1,0,0.68764
./epidope/e759-1.csv,1,0,0.671243
./epidope/e760-1.csv,1,0,0.689505
./epidope/e761-1.csv,1,0,0.749846
./epidope/e762-1.csv,1,0,0.732286
./epidope/e763-1.csv,1,0,0.789528
./epidope/e764-1.csv,1,0,0.707264
./epidope/e765-1.csv,1,0,0.657332
./epidope/e766-1.csv,1,0,0.640908
./epidope/e767-1.csv,1,0,0.710602
./epidope/e768-1.csv,1,0,0.78132
./epidope/e769-1.csv,1,0,0.700068
./epidope/e770-1.csv,1,0,0.79413
./epidope/e771-1.csv,1,0,0.700189
./epidope/e772-1.csv,1,0,0.717935
./epidope/e773-1.csv,1,0,0.701455
./epidope/e774-1.csv,1,0,0.775824
./epidope/e775-1.csv,1,0,0.666053
./epidope/e776-1.csv,1,0,0.739305
./epidope/e777-1.csv,1,0,0.783562
./epidope/e778-1.csv,1,0,0.696975
./epidope/e779-1.csv,1,0,0.69675
./epidope/e780-1.csv,1,0,0.652069
./epidope/e781-1.csv,1,0,0.742185
./epidope/e782-1.csv,1,1,0.824389
./epidope/e783-1.csv,1,0,0.767159
./epidope/e784-1.csv,1,0,0.618685
./epidope/e785-1.csv,1,0,0.751969
./epidope/e786-1.csv,1,0,0.709396
./epidope/e787-1.csv,1,0,0.698325
./epidope/e788-1.csv,1,0,0.79749
./epidope/e789-1.csv,1,0,0.632292
./epidope/e790-1.csv,1,0,0.774506
./epidope/e791-1.csv,1,0,0.603456
./epidope/e792-1.csv,1,0,0.739722
./epidope/e793-1.csv,1,0,0.701831
./epidope/e794-1.csv,1,0,0.727964
./epidope/e795-1.csv,1,0,0.639555
./epidope/e796-1.csv,1,0,0.587289
./epidope/e797-1.csv,1,0,0.668828
./epidope/e798-1.csv,1,0,0.69275
./epidope/e799-1.csv,1,0,0.802315
./epidope/e800-1.csv,1,0,0.814601
./epidope/e801-1.csv,1,0,0.696077
./epidope/e802-1.csv,1,0,0.763203
./epidope/e803-1.csv,1,0,0.717301
./epidope/e804-1.csv,1,0,0.687796
./epidope/e805-1.csv,1,1,0.820043
./epidope/e806-1.csv,1,0,0.730504
./epidope/e807-1.csv,1,0,0.718777
./epidope/e808-1.csv,1,0,0.65211
./epidope/e809-1.csv,1,0,0.593684
./epidope/e810-1.csv,1,0,0.699252
./epidope/e811-1.csv,1,0,0.550707
./epidope/e812-1.csv,1,0,0.742995
./epidope/e813-1.csv,1,0,0.580835
./epidope/e814-1.csv,1,0,0.653793
./epidope/e815-1.csv,1,0,0.709939
./epidope/e816-1.csv,1,0,0.634553
./epidope/e817-1.csv,1,0,0.666847
./epidope/e818-1.csv,1,0,0.705587
./epidope/e819-1.csv,1,0,0.732208
./epidope/e820-1.csv,1,0,0.781533
./epidope/e821-1.csv,1,0,0.709002
./epidope/e822-1.csv,1,0,0.64013
./epidope/e823-1.csv,1,0,0.681232
./epidope/e824-1.csv,1,0,0.749739
./epidope/e825-1.csv,1,0,0.749744
./epidope/e826-1.csv,1,0,0.768101
./epidope/e827-1.csv,1,0,0.773503
./epidope/e828-1.csv,1,0,0.669916
./epidope/e829-1.csv,1,0,0.678503
./epidope/e830-1.csv,1,0,0.785781
./epidope/e831-1.csv,1,0,0.692557
./epidope/e832-1.csv,1,0,0.647657
./epidope/e833-1.csv,1,0,0.67219
./epidope/e834-1.csv,1,0,0.703943
./epidope/e835-1.csv,1,0,0.786263
./epidope/e836-1.csv,1,0,0.642119
./epidope/e837-1.csv,1,0,0.669016
./epidope/e838-1.csv,1,0,0.795427
./epidope/e839-1.csv,1,0,0.740427
./epidope/e840-1.csv,1,0,0.801676
./epidope/e841-1.csv,1,0,0.77969
./epidope/e842-1.csv,1,0,0.7151
./epidope/e843-1.csv,1,0,0.772848
./epidope/e844-1.csv,1,0,0.698386
./epidope/e845-1.csv,1,0,0.739026
./epidope/e846-1.csv,1,0,0.765809
./epidope/e847-1.csv,1,0,0.714604
./epidope/e848-1.csv,1,0,0.724493
./epidope/e849-1.csv,1,0,0.765498
./epidope/e850-1.csv,1,0,0.741824
./epidope/e851-1.csv,1,0,0.749862
./epidope/e852-1.csv,1,0,0.684696
./epidope/e853-1.csv,1,0,0.735783
./epidope/e854-1.csv,1,0,0.692272
./epidope/e855-1.csv,1,0,0.758007
./epidope/e856-1.csv,1,0,0.788292
./epidope/e857-1.csv,1,0,0.761853
./epidope/e858-1.csv,1,0,0.707232
./epidope/e859-1.csv,1,0,0.698762
./epidope/e860-1.csv,1,0,0.682564
./epidope/e861-1.csv,1,0,0.72219
./epidope/e862-1.csv,1,0,0.718914
./epidope/e863-1.csv,1,0,0.705638
./epidope/e864-1.csv,1,0,0.665948
./epidope/e865-1.csv,1,0,0.766353
./epidope/e866-1.csv,1,0,0.760609
./epidope/e867-1.csv,1,0,0.711867
./epidope/e868-1.csv,1,0,0.685746
./epidope/e869-1.csv,1,0,0.729211
./epidope/e870-1.csv,1,0,0.592736
./epidope/e871-1.csv,1,0,0.724522
./epidope/e872-1.csv,1,0,0.606032
./epidope/e873-0.csv,0,0,0.760432
./epidope/e874-0.csv,0,0,0.775346
./epidope/e875-0.csv,0,0,0.676245
./epidope/e876-0.csv,0,0,0.776468
./epidope/e877-0.csv,0,0,0.696844
./epidope/e878-0.csv,0,0,0.636098
./epidope/e879-0.csv,0,0,0.709811
./epidope/e880-0.csv,0,0,0.651545
./epidope/e881-0.csv,0,0,0.688805
./epidope/e882-0.csv,0,0,0.737727
./epidope/e883-0.csv,0,0,0.714907
./epidope/e884-0.csv,0,0,0.699036
./epidope/e885-0.csv,0,0,0.709442
./epidope/e886-0.csv,0,0,0.69007
./epidope/e887-0.csv,0,0,0.700973
./epidope/e888-0.csv,0,0,0.676319
./epidope/e889-0.csv,0,0,0.761092
./epidope/e890-0.csv,0,0,0.67972
./epidope/e891-0.csv,0,0,0.728878
./epidope/e892-0.csv,0,0,0.752394
./epidope/e893-0.csv,0,0,0.695332
./epidope/e894-0.csv,0,0,0.603965
./epidope/e895-0.csv,0,0,0.730459
./epidope/e896-0.csv,0,0,0.681745
./epidope/e897-0.csv,0,0,0.722105
./epidope/e898-0.csv,0,0,0.71827
./epidope/e899-0.csv,0,0,0.670873
./epidope/e900-0.csv,0,0,0.725707
./epidope/e901-0.csv,0,0,0.69672
./epidope/e902-0.csv,0,0,0.657596
./epidope/e903-0.csv,0,0,0.675286
./epidope/e904-0.csv,0,0,0.7248
./epidope/e905-0.csv,0,0,0.636533
./epidope/e906-0.csv,0,0,0.774248
./epidope/e907-0.csv,0,0,0.787654
./epidope/e908-0.csv,0,0,0.709453
./epidope/e909-0.csv,0,0,0.707621
./epidope/e910-0.csv,0,0,0.650608
./epidope/e911-0.csv,0,0,0.693141
./epidope/e912-0.csv,0,0,0.683716
./epidope/e913-0.csv,0,0,0.780359
./epidope/e914-0.csv,0,0,0.650512
./epidope/e915-0.csv,0,0,0.663623
./epidope/e916-0.csv,0,0,0.621986
./epidope/e917-0.csv,0,0,0.662563
./epidope/e918-0.csv,0,0,0.640515
./epidope/e919-0.csv,0,0,0.694246
./epidope/e920-0.csv,0,0,0.711599
./epidope/e921-0.csv,0,0,0.731867
./epidope/e922-0.csv,0,0,0.718603
./epidope/e923-0.csv,0,0,0.633501
./epidope/e924-0.csv,0,0,0.610796
./epidope/e925-0.csv,0,0,0.685851
./epidope/e926-0.csv,0,0,0.705688
./epidope/e927-0.csv,0,0,0.769944
./epidope/e928-0.csv,0,0,0.720428
./epidope/e929-0.csv,0,0,0.688487
./epidope/e930-0.csv,0,0,0.74675
./epidope/e931-0.csv,0,0,0.704144
./epidope/e932-0.csv,0,0,0.704131
./epidope/e933-0.csv,0,0,0.710427
./epidope/e934-0.csv,0,0,0.731504
./epidope/e935-0.csv,0,0,0.727656
./epidope/e936-0.csv,0,0,0.655458
./epidope/e937-0.csv,0,0,0.709342
./epidope/e938-0.csv,0,0,0.569903
./epidope/e939-0.csv,0,0,0.634057
./epidope/e940-0.csv,0,0,0.739673
./epidope/e941-0.csv,0,0,0.652638
./epidope/e942-0.csv,0,0,0.758031
./epidope/e943-0.csv,0,0,0.667788
./epidope/e944-0.csv,0,0,0.712995
./epidope/e945-0.csv,0,0,0.749075
./epidope/e946-0.csv,0,0,0.677498
./epidope/e947-0.csv,0,0,0.750451
./epidope/e948-0.csv,0,0,0.739775
./epidope/e949-0.csv,0,0,0.678938
./epidope/e950-0.csv,0,0,0.698008
./epidope/e951-0.csv,0,0,0.56287
./epidope/e952-0.csv,0,0,0.61226
./epidope/e953-0.csv,0,0,0.646073
./epidope/e954-0.csv,0,0,0.528545
./epidope/e955-0.csv,0,0,0.67111
./epidope/e956-0.csv,0,0,0.6839
./epidope/e957-0.csv,0,0,0.730842
./epidope/e958-0.csv,0,0,0.721532
./epidope/e959-0.csv,0,0,0.660523
./epidope/e960-0.csv,0,0,0.722053
./epidope/e961-0.csv,0,0,0.745284
./epidope/e962-0.csv,0,0,0.729623
./epidope/e963-0.csv,0,0,0.735668
./epidope/e964-0.csv,0,0,0.676847
./epidope/e965-0.csv,0,0,0.745007
./epidope/e966-0.csv,0,0,0.667464
./epidope/e967-0.csv,0,0,0.768772
./epidope/e968-0.csv,0,0,0.766724
./epidope/e969-0.csv,0,0,0.760962
./epidope/e970-0.csv,0,0,0.751389
./epidope/e971-0.csv,0,0,0.702689
./epidope/e972-0.csv,0,0,0.600548
./epidope/e973-0.csv,0,0,0.719792
./epidope/e974-0.csv,0,0,0.533399
./epidope/e975-0.csv,0,0,0.705726
./epidope/e976-0.csv,0,0,0.644828
./epidope/e977-0.csv,0,0,0.722215
./epidope/e978-0.csv,0,0,0.705968
./epidope/e979-0.csv,0,0,0.777356
./epidope/e980-0.csv,0,0,0.684119
./epidope/e981-0.csv,0,0,0.651867
./epidope/e982-0.csv,0,0,0.557817
./epidope/e983-0.csv,0,0,0.738696
./epidope/e984-0.csv,0,0,0.668195
./epidope/e985-0.csv,0,0,0.790145
./epidope/e986-0.csv,0,0,0.781019
./epidope/e987-0.csv,0,0,0.647066
./epidope/e988-0.csv,0,0,0.729662
./epidope/e989-0.csv,0,0,0.684538
./epidope/e990-0.csv,0,0,0.726565
./epidope/e991-0.csv,0,0,0.666166
./epidope/e992-0.csv,0,0,0.718746
./epidope/e993-0.csv,0,0,0.722487
./epidope/e994-0.csv,0,0,0.78648
./epidope/e995-0.csv,0,0,0.743627
./epidope/e996-0.csv,0,0,0.618625
./epidope/e997-0.csv,0,0,0.690791
./epidope/e998-0.csv,0,0,0.626418
./epidope/e999-0.csv,0,0,0.7307
./epidope/e1000-0.csv,0,0,0.635185
./epidope/e1001-0.csv,0,0,0.746588
./epidope/e1002-0.csv,0,0,0.720768
./epidope/e1003-0.csv,0,0,0.762639
./epidope/e1004-0.csv,0,0,0.577761
./epidope/e1005-0.csv,0,0,0.631048
./epidope/e1006-0.csv,0,0,0.64917
./epidope/e1007-0.csv,0,0,0.691311
./epidope/e1008-0.csv,0,0,0.709224
./epidope/e1009-0.csv,0,0,0.655227
./epidope/e1010-0.csv,0,0,0.693368
./epidope/e1011-0.csv,0,0,0.610206
./epidope/e1012-0.csv,0,0,0.72257
./epidope/e1013-0.csv,0,0,0.645045
./epidope/e1014-0.csv,0,0,0.643429
./epidope/e1015-0.csv,0,0,0.736277
./epidope/e1016-0.csv,0,0,0.716807
./epidope/e1017-0.csv,0,0,0.753882
./epidope/e1018-0.csv,0,0,0.76783
./epidope/e1019-0.csv,0,0,0.647094
./epidope/e1020-0.csv,0,0,0.711612
./epidope/e1021-0.csv,0,0,0.713176
./epidope/e1022-0.csv,0,0,0.765688
./epidope/e1023-0.csv,0,0,0.595353
./epidope/e1024-0.csv,0,0,0.59729
./epidope/e1025-0.csv,0,0,0.557745
./epidope/e1026-0.csv,0,0,0.647795
./epidope/e1027-0.csv,0,0,0.522909
./epidope/e1028-0.csv,0,0,0.653549
./epidope/e1029-0.csv,0,0,0.67563
./epidope/e1030-0.csv,0,0,0.707226
./epidope/e1031-0.csv,0,0,0.569028
./epidope/e1032-0.csv,0,0,0.60854
./epidope/e1033-0.csv,0,0,0.716267
./epidope/e1034-0.csv,0,0,0.669859
./epidope/e1035-0.csv,0,0,0.737089
./epidope/e1036-0.csv,0,0,0.681407
./epidope/e1037-0.csv,0,0,0.726038
./epidope/e1038-0.csv,0,0,0.595788
./epidope/e1039-0.csv,0,0,0.633265
./epidope/e1040-0.csv,0,0,0.639793
./epidope/e1041-0.csv,0,0,0.766899
./epidope/e1042-0.csv,0,0,0.587249
./epidope/e1043-0.csv,0,0,0.755126
./epidope/e1044-0.csv,0,0,0.744193
./epidope/e1045-0.csv,0,0,0.645487
./epidope/e1046-0.csv,0,0,0.728689
./epidope/e1047-0.csv,0,0,0.696984
./epidope/e1048-0.csv,0,0,0.654727
./epidope/e1049-0.csv,0,0,0.702145
./epidope/e1050-0.csv,0,0,0.741322
./epidope/e1051-0.csv,0,0,0.725721
./epidope/e1052-0.csv,0,0,0.711913
./epidope/e1053-0.csv,0,0,0.803553
./epidope/e1054-0.csv,0,0,0.743182
./epidope/e1055-0.csv,0,0,0.766711
./epidope/e1056-0.csv,0,0,0.70966
./epidope/e1057-0.csv,0,0,0.770334
./epidope/e1058-0.csv,0,0,0.787681
./epidope/e1059-0.csv,0,0,0.692429
./epidope/e1060-0.csv,0,0,0.767253
./epidope/e1061-0.csv,0,0,0.614022
./epidope/e1062-0.csv,0,0,0.557236
./epidope/e1063-0.csv,0,0,0.652869
./epidope/e1064-0.csv,0,0,0.63832
./epidope/e1065-0.csv,0,0,0.774878
./epidope/e1066-0.csv,0,1,0.823401
./epidope/e1067-0.csv,0,0,0.700628
./epidope/e1068-0.csv,0,0,0.686371
./epidope/e1069-0.csv,0,0,0.769803
./epidope/e1070-0.csv,0,0,0.68467
./epidope/e1071-0.csv,0,0,0.767305
./epidope/e1072-0.csv,0,0,0.635438
./epidope/e1073-0.csv,0,0,0.793099
./epidope/e1074-0.csv,0,0,0.745257
./epidope/e1075-0.csv,0,0,0.81173
./epidope/e1076-0.csv,0,0,0.735021
./epidope/e1077-0.csv,0,0,0.753198
./epidope/e1078-0.csv,0,0,0.712425
./epidope/e1079-0.csv,0,0,0.741552
./epidope/e1080-0.csv,0,0,0.659279
./epidope/e1081-0.csv,0,0,0.684589
./epidope/e1082-0.csv,0,0,0.734307
./epidope/e1083-0.csv,0,0,0.660372
./epidope/e1084-0.csv,0,0,0.552643
./epidope/e1085-0.csv,0,0,0.656168
./epidope/e1086-0.csv,0,0,0.698247
./epidope/e1087-0.csv,0,0,0.733154
./epidope/e1088-0.csv,0,0,0.688596
./epidope/e1089-0.csv,0,0,0.715334
./epidope/e1090-0.csv,0,0,0.607865
./epidope/e1091-0.csv,0,0,0.662893
./epidope/e1092-0.csv,0,0,0.671128
./epidope/e1093-0.csv,0,0,0.722665
./epidope/e1094-0.csv,0,0,0.719108
./epidope/e1095-0.csv,0,0,0.713433
./epidope/e1096-0.csv,0,0,0.5767
./epidope/e1097-0.csv,0,0,0.763042
./epidope/e1098-0.csv,0,0,0.73702
./epidope/e1099-0.csv,0,0,0.766005
./epidope/e1100-0.csv,0,0,0.675382
./epidope/e1101-0.csv,0,0,0.694621
./epidope/e1102-0.csv,0,0,0.62192
./epidope/e1103-0.csv,0,0,0.685507
./epidope/e1104-0.csv,0,0,0.7825
./epidope/e1105-0.csv,0,0,0.658632
./epidope/e1106-0.csv,0,0,0.696906
./epidope/e1107-0.csv,0,0,0.72901
./epidope/e1108-0.csv,0,0,0.735478
./epidope/e1109-0.csv,0,0,0.71248
./epidope/e1110-0.csv,0,0,0.718502
./epidope/e1111-0.csv,0,0,0.703557
./epidope/e1112-0.csv,0,0,0.744137
./epidope/e1113-0.csv,0,0,0.603734
./epidope/e1114-0.csv,0,0,0.7727
./epidope/e1115-0.csv,0,0,0.713964
./epidope/e1116-0.csv,0,0,0.551827
./epidope/e1117-0.csv,0,0,0.668977
./epidope/e1118-0.csv,0,0,0.651359
./epidope/e1119-0.csv,0,0,0.684182
./epidope/e1120-0.csv,0,0,0.697621
./epidope/e1121-0.csv,0,0,0.804261
./epidope/e1122-0.csv,0,0,0.572937
./epidope/e1123-0.csv,0,0,0.732887
./epidope/e1124-0.csv,0,0,0.700179
./epidope/e1125-0.csv,0,0,0.669328
./epidope/e1126-0.csv,0,0,0.527135
./epidope/e1127-0.csv,0,0,0.687619
./epidope/e1128-0.csv,0,0,0.583332
./epidope/e1129-0.csv,0,0,0.768187
./epidope/e1130-0.csv,0,0,0.730217
./epidope/e1131-0.csv,0,0,0.653911
./epidope/e1132-0.csv,0,0,0.684916
./epidope/e1133-0.csv,0,0,0.764745
./epidope/e1134-0.csv,0,0,0.669357
./epidope/e1135-0.csv,0,0,0.733236
./epidope/e1136-0.csv,0,0,0.676158
./epidope/e1137-0.csv,0,0,0.739428
./epidope/e1138-0.csv,0,0,0.728312
./epidope/e1139-0.csv,0,0,0.695633
./epidope/e1140-0.csv,0,0,0.661413
./epidope/e1141-0.csv,0,0,0.671473
./epidope/e1142-0.csv,0,0,0.66255
./epidope/e1143-0.csv,0,0,0.655776
./epidope/e1144-0.csv,0,0,0.683346
./epidope/e1145-0.csv,0,0,0.555556
./epidope/e1146-0.csv,0,0,0.725101
./epidope/e1147-0.csv,0,0,0.667202
./epidope/e1148-0.csv,0,0,0.715968
./epidope/e1149-0.csv,0,0,0.768192
./epidope/e1150-0.csv,0,0,0.626372
./epidope/e1151-0.csv,0,0,0.670683
./epidope/e1152-0.csv,0,0,0.643031
./epidope/e1153-0.csv,0,0,0.616268
./epidope/e1154-0.csv,0,0,0.782588
./epidope/e1155-0.csv,0,0,0.712106
./epidope/e1156-0.csv,0,0,0.596633
./epidope/e1157-0.csv,0,0,0.763108
./epidope/e1158-0.csv,0,0,0.655686
./epidope/e1159-0.csv,0,0,0.666872
./epidope/e1160-0.csv,0,0,0.668001
./epidope/e1161-0.csv,0,0,0.673925
./epidope/e1162-0.csv,0,0,0.655973
./epidope/e1163-0.csv,0,0,0.629574
./epidope/e1164-0.csv,0,0,0.682497
./epidope/e1165-0.csv,0,0,0.6324
./epidope/e1166-0.csv,0,0,0.781435
./epidope/e1167-0.csv,0,0,0.689779
./epidope/e1168-0.csv,0,0,0.769044
./epidope/e1169-0.csv,0,0,0.683533
./epidope/e1170-0.csv,0,0,0.647217
./epidope/e1171-0.csv,0,0,0.725023
./epidope/e1172-0.csv,0,0,0.70667
./epidope/e1173-0.csv,0,0,0.791869
./epidope/e1174-0.csv,0,0,0.748257
./epidope/e1175-0.csv,0,0,0.67768
./epidope/e1176-0.csv,0,0,0.704321
./epidope/e1177-0.csv,0,0,0.670004
./epidope/e1178-0.csv,0,0,0.722115
./epidope/e1179-0.csv,0,0,0.606636
./epidope/e1180-0.csv,0,0,0.687688
./epidope/e1181-0.csv,0,0,0.662498
./epidope/e1182-0.csv,0,0,0.685255
./epidope/e1183-0.csv,0,0,0.565521
./epidope/e1184-0.csv,0,0,0.744897
./epidope/e1185-0.csv,0,0,0.767614
./epidope/e1186-0.csv,0,0,0.714715
./epidope/e1187-0.csv,0,0,0.577223
./epidope/e1188-0.csv,0,0,0.717964
./epidope/e1189-0.csv,0,0,0.736755
./epidope/e1190-0.csv,0,0,0.730329
./epidope/e1191-0.csv,0,0,0.662906
./epidope/e1192-0.csv,0,0,0.655321
./epidope/e1193-0.csv,0,0,0.697027
./epidope/e1194-0.csv,0,0,0.618152
./epidope/e1195-0.csv,0,0,0.696672
./epidope/e1196-0.csv,0,0,0.726544
./epidope/e1197-0.csv,0,0,0.602797
./epidope/e1198-0.csv,0,0,0.741116
./epidope/e1199-0.csv,0,0,0.742379
./epidope/e1200-0.csv,0,0,0.729722
./epidope/e1201-0.csv,0,0,0.723381
./epidope/e1202-0.csv,0,0,0.797864
./epidope/e1203-0.csv,0,0,0.66586
./epidope/e1204-0.csv,0,0,0.694778
./epidope/e1205-0.csv,0,0,0.586146
./epidope/e1206-0.csv,0,0,0.814253
./epidope/e1207-0.csv,0,0,0.782782
./epidope/e1208-0.csv,0,0,0.576242
./epidope/e1209-0.csv,0,0,0.733132
./epidope/e1210-0.csv,0,0,0.694115
./epidope/e1211-0.csv,0,0,0.677155
./epidope/e1212-0.csv,0,0,0.753485
./epidope/e1213-0.csv,0,0,0.688104
./epidope/e1214-0.csv,0,0,0.696743
./epidope/e1215-0.csv,0,0,0.720126
./epidope/e1216-0.csv,0,0,0.6531
./epidope/e1217-0.csv,0,0,0.723394
./epidope/e1218-0.csv,0,0,0.676336
./epidope/e1219-0.csv,0,0,0.70944
./epidope/e1220-0.csv,0,0,0.77951
./epidope/e1221-0.csv,0,0,0.745021
./epidope/e1222-0.csv,0,0,0.585341
./epidope/e1223-0.csv,0,0,0.68933
./epidope/e1224-0.csv,0,0,0.706366
./epidope/e1225-0.csv,0,0,0.736504
./epidope/e1226-0.csv,0,0,0.502413
./epidope/e1227-0.csv,0,0,0.65931
./epidope/e1228-0.csv,0,0,0.647835
./epidope/e1229-0.csv,0,0,0.629095
./epidope/e1230-0.csv,0,0,0.77215
./epidope/e1231-0.csv,0,0,0.689503
./epidope/e1232-0.csv,0,0,0.613982
./epidope/e1233-0.csv,0,0,0.757413
./epidope/e1234-0.csv,0,0,0.778086
./epidope/e1235-0.csv,0,0,0.66725
./epidope/e1236-0.csv,0,0,0.659409
./epidope/e1237-0.csv,0,0,0.731608
./epidope/e1238-0.csv,0,0,0.748951
./epidope/e1239-0.csv,0,0,0.758007
./epidope/e1240-0.csv,0,0,0.71724
./epidope/e1241-0.csv,0,0,0.734138
./epidope/e1242-0.csv,0,0,0.690181
./epidope/e1243-0.csv,0,0,0.752549
./epidope/e1244-0.csv,0,0,0.77985
./epidope/e1245-0.csv,0,0,0.587244
./epidope/e1246-0.csv,0,0,0.690241
./epidope/e1247-0.csv,0,0,0.739398
./epidope/e1248-0.csv,0,0,0.532974
./epidope/e1249-0.csv,0,0,0.764518
./epidope/e1250-0.csv,0,0,0.79014
./epidope/e1251-0.csv,0,0,0.672401
./epidope/e1252-0.csv,0,0,0.700699
./epidope/e1253-0.csv,0,0,0.632248
./epidope/e1254-0.csv,0,0,0.758154
./epidope/e1255-0.csv,0,0,0.690584
./epidope/e1256-0.csv,0,0,0.708149
./epidope/e1257-0.csv,0,0,0.705552
./epidope/e1258-0.csv,0,0,0.734542
./epidope/e1259-0.csv,0,0,0.748469
./epidope/e1260-0.csv,0,0,0.68589
./epidope/e1261-0.csv,0,0,0.763015
./epidope/e1262-0.csv,0,0,0.647421
./epidope/e1263-0.csv,0,0,0.699076
./epidope/e1264-0.csv,0,0,0.69772
./epidope/e1265-0.csv,0,0,0.771118
./epidope/e1266-0.csv,0,0,0.66332
./epidope/e1267-0.csv,0,0,0.558275
./epidope/e1268-0.csv,0,0,0.79322
./epidope/e1269-0.csv,0,0,0.57943
./epidope/e1270-0.csv,0,0,0.586229
./epidope/e1271-0.csv,0,0,0.753741
./epidope/e1272-0.csv,0,0,0.658404
./epidope/e1273-0.csv,0,0,0.600169
./epidope/e1274-0.csv,0,0,0.760654
./epidope/e1275-0.csv,0,0,0.692968
./epidope/e1276-0.csv,0,0,0.660832
./epidope/e1277-0.csv,0,0,0.757902
./epidope/e1278-0.csv,0,0,0.693257
./epidope/e1279-0.csv,0,0,0.692506
./epidope/e1280-0.csv,0,0,0.507674
./epidope/e1281-0.csv,0,0,0.760615
./epidope/e1282-0.csv,0,0,0.627586
./epidope/e1283-0.csv,0,0,0.71586
./epidope/e1284-0.csv,0,0,0.69302
./epidope/e1285-0.csv,0,0,0.642789
./epidope/e1286-0.csv,0,0,0.675536
./epidope/e1287-0.csv,0,0,0.593053
./epidope/e1288-0.csv,0,0,0.699784
./epidope/e1289-0.csv,0,0,0.73445
./epidope/e1290-0.csv,0,0,0.71867
./epidope/e1291-0.csv,0,0,0.668285
./epidope/e1292-0.csv,0,0,0.762921
./epidope/e1293-0.csv,0,0,0.661217
./epidope/e1294-0.csv,0,0,0.62194
./epidope/e1295-0.csv,0,0,0.794442
./epidope/e1296-0.csv,0,0,0.626873
./epidope/e1297-0.csv,0,0,0.695343
./epidope/e1298-0.csv,0,0,0.745891
./epidope/e1299-0.csv,0,0,0.678483
./epidope/e1300-0.csv,0,0,0.507913
./epidope/e1301-0.csv,0,0,0.631633
./epidope/e1302-0.csv,0,0,0.759772
./epidope/e1303-0.csv,0,0,0.673631
./epidope/e1304-0.csv,0,0,0.706482
./epidope/e1305-0.csv,0,0,0.681994
./epidope/e1306-0.csv,0,0,0.692347
./epidope/e1307-0.csv,0,0,0.721848
./epidope/e1308-0.csv,0,0,0.640583
./epidope/e1309-0.csv,0,0,0.644538
./epidope/e1310-0.csv,0,0,0.509418
./epidope/e1311-0.csv,0,0,0.694701
./epidope/e1312-0.csv,0,0,0.736771
./epidope/e1313-0.csv,0,0,0.613537
./epidope/e1314-0.csv,0,0,0.706039
./epidope/e1315-0.csv,0,0,0.762817
./epidope/e1316-0.csv,0,0,0.711944
./epidope/e1317-0.csv,0,0,0.759818
./epidope/e1318-0.csv,0,0,0.744405
./epidope/e1319-0.csv,0,0,0.649934
./epidope/e1320-0.csv,0,0,0.814741
./epidope/e1321-0.csv,0,0,0.767175
./epidope/e1322-0.csv,0,0,0.672506
./epidope/e1323-0.csv,0,0,0.693604
./epidope/e1324-0.csv,0,0,0.716621
./epidope/e1325-0.csv,0,0,0.812633
./epidope/e1326-0.csv,0,0,0.762854
./epidope/e1327-0.csv,0,0,0.646791
./epidope/e1328-0.csv,0,0,0.608827
./epidope/e1329-0.csv,0,0,0.667941
./epidope/e1330-0.csv,0,0,0.720799
./epidope/e1331-0.csv,0,0,0.735841
./epidope/e1332-0.csv,0,0,0.778274
./epidope/e1333-0.csv,0,0,0.739645
./epidope/e1334-0.csv,0,0,0.666402
./epidope/e1335-0.csv,0,0,0.720206
./epidope/e1336-0.csv,0,0,0.749324
./epidope/e1337-0.csv,0,0,0.725451
./epidope/e1338-0.csv,0,0,0.62627
./epidope/e1339-0.csv,0,0,0.709955
./epidope/e1340-0.csv,0,0,0.67297
./epidope/e1341-0.csv,0,0,0.681905
./epidope/e1342-0.csv,0,0,0.638659
./epidope/e1343-0.csv,0,0,0.695011
./epidope/e1344-0.csv,0,0,0.693376
./epidope/e1345-0.csv,0,0,0.727508
./epidope/e1346-0.csv,0,0,0.694893
./epidope/e1347-0.csv,0,0,0.739175
./epidope/e1348-0.csv,0,0,0.648163
./epidope/e1349-0.csv,0,0,0.793855
./epidope/e1350-0.csv,0,0,0.728529
./epidope/e1351-0.csv,0,0,0.733939
./epidope/e1352-0.csv,0,0,0.702904
./epidope/e1353-0.csv,0,0,0.590153
./epidope/e1354-0.csv,0,0,0.75702
./epidope/e1355-0.csv,0,0,0.567032
./epidope/e1356-0.csv,0,0,0.760753
./epidope/e1357-0.csv,0,0,0.666185
./epidope/e1358-0.csv,0,0,0.638756
./epidope/e1359-0.csv,0,0,0.593841
./epidope/e1360-0.csv,0,0,0.658596
./epidope/e1361-0.csv,0,0,0.724798
./epidope/e1362-0.csv,0,0,0.712241
./epidope/e1363-0.csv,0,0,0.788974
./epidope/e1364-0.csv,0,0,0.72824
./epidope/e1365-0.csv,0,0,0.622861
./epidope/e1366-0.csv,0,0,0.757883
./epidope/e1367-0.csv,0,0,0.716692
./epidope/e1368-0.csv,0,0,0.742708
./epidope/e1369-0.csv,0,0,0.723623
./epidope/e1370-0.csv,0,0,0.679151
./epidope/e1371-0.csv,0,0,0.66378
./epidope/e1372-0.csv,0,0,0.675787
./epidope/e1373-0.csv,0,0,0.783592
./epidope/e1374-0.csv,0,0,0.644583
./epidope/e1375-0.csv,0,0,0.766009
./epidope/e1376-0.csv,0,0,0.73572
./epidope/e1377-0.csv,0,0,0.707527
./epidope/e1378-0.csv,0,0,0.524174
./epidope/e1379-0.csv,0,0,0.632342
./epidope/e1380-0.csv,0,0,0.737176
./epidope/e1381-0.csv,0,0,0.723253
./epidope/e1382-0.csv,0,0,0.700794
./epidope/e1383-0.csv,0,0,0.566168
./epidope/e1384-0.csv,0,0,0.768652
./epidope/e1385-0.csv,0,0,0.770803
./epidope/e1386-0.csv,0,0,0.654852
./epidope/e1387-0.csv,0,0,0.67901
./epidope/e1388-0.csv,0,0,0.631068
./epidope/e1389-0.csv,0,0,0.657504
./epidope/e1390-0.csv,0,0,0.710108
./epidope/e1391-0.csv,0,0,0.694871
./epidope/e1392-0.csv,0,0,0.698174
./epidope/e1393-0.csv,0,0,0.657665
./epidope/e1394-0.csv,0,0,0.72465
./epidope/e1395-0.csv,0,0,0.607127
./epidope/e1396-0.csv,0,0,0.687544
./epidope/e1397-0.csv,0,0,0.739629
./epidope/e1398-0.csv,0,0,0.65829
./epidope/e1399-0.csv,0,0,0.788071
./epidope/e1400-0.csv,0,0,0.645951
./epidope/e1401-0.csv,0,0,0.721955
./epidope/e1402-0.csv,0,0,0.734929
./epidope/e1403-0.csv,0,0,0.788285
./epidope/e1404-0.csv,0,0,0.705708
./epidope/e1405-0.csv,0,0,0.737793
./epidope/e1406-0.csv,0,0,0.735414
./epidope/e1407-0.csv,0,0,0.545649
./epidope/e1408-0.csv,0,0,0.686668
./epidope/e1409-0.csv,0,0,0.675318
./epidope/e1410-0.csv,0,0,0.698093
./epidope/e1411-0.csv,0,0,0.646272
./epidope/e1412-0.csv,0,0,0.67668
./epidope/e1413-0.csv,0,0,0.684532
./epidope/e1414-0.csv,0,0,0.644852
./epidope/e1415-0.csv,0,0,0.788364
./epidope/e1416-0.csv,0,0,0.812409
./epidope/e1417-0.csv,0,0,0.623517
./epidope/e1418-0.csv,0,0,0.792031
./epidope/e1419-0.csv,0,0,0.743699
./epidope/e1420-0.csv,0,0,0.707032
./epidope/e1421-0.csv,0,0,0.68978
./epidope/e1422-0.csv,0,0,0.69248
./epidope/e1423-0.csv,0,0,0.764714
./epidope/e1424-0.csv,0,0,0.649962
./epidope/e1425-0.csv,0,0,0.773141
./epidope/e1426-0.csv,0,0,0.655707
./epidope/e1427-0.csv,0,0,0.708544
./epidope/e1428-0.csv,0,0,0.655871
./epidope/e1429-0.csv,0,0,0.659783
./epidope/e1430-0.csv,0,0,0.795465
./epidope/e1431-0.csv,0,0,0.796936
./epidope/e1432-0.csv,0,0,0.65225
./epidope/e1433-0.csv,0,0,0.670321
./epidope/e1434-0.csv,0,0,0.662191
./epidope/e1435-0.csv,0,0,0.775176
./epidope/e1436-0.csv,0,0,0.674441
./epidope/e1437-0.csv,0,0,0.710223
./epidope/e1438-0.csv,0,0,0.692056
./epidope/e1439-0.csv,0,0,0.660575
./epidope/e1440-0.csv,0,0,0.646424
./epidope/e1441-0.csv,0,0,0.786616
./epidope/e1442-0.csv,0,0,0.675983
./epidope/e1443-0.csv,0,0,0.775612
./epidope/e1444-0.csv,0,0,0.684321
./epidope/e1445-0.csv,0,0,0.685272
./epidope/e1446-0.csv,0,0,0.672866
./epidope/e1447-0.csv,0,0,0.689484
./epidope/e1448-0.csv,0,0,0.650578
./epidope/e1449-0.csv,0,0,0.779608
./epidope/e1450-0.csv,0,0,0.723512
./epidope/e1451-0.csv,0,0,0.728768
./epidope/e1452-0.csv,0,0,0.698097
./epidope/e1453-0.csv,0,0,0.624835
./epidope/e1454-0.csv,0,0,0.764578
./epidope/e1455-0.csv,0,0,0.729122
./epidope/e1456-0.csv,0,0,0.706284
./epidope/e1457-0.csv,0,1,0.834698
./epidope/e1458-0.csv,0,0,0.732663
./epidope/e1459-0.csv,0,0,0.773337
./epidope/e1460-0.csv,0,0,0.7053
./epidope/e1461-0.csv,0,0,0.664931
./epidope/e1462-0.csv,0,0,0.653524
./epidope/e1463-0.csv,0,0,0.619682
./epidope/e1464-0.csv,0,0,0.633791
./epidope/e1465-0.csv,0,0,0.683742
./epidope/e1466-0.csv,0,0,0.717455
./epidope/e1467-0.csv,0,0,0.688059
./epidope/e1468-0.csv,0,0,0.54313
./epidope/e1469-0.csv,0,0,0.68986
./epidope/e1470-0.csv,0,0,0.663928
./epidope/e1471-0.csv,0,0,0.751864
./epidope/e1472-0.csv,0,0,0.800615
./epidope/e1473-0.csv,0,0,0.715054
./epidope/e1474-0.csv,0,0,0.756855
./epidope/e1475-0.csv,0,0,0.68763
./epidope/e1476-0.csv,0,0,0.707322
./epidope/e1477-0.csv,0,0,0.719519
./epidope/e1478-0.csv,0,0,0.724657
./epidope/e1479-0.csv,0,0,0.699337
./epidope/e1480-0.csv,0,0,0.673177
./epidope/e1481-0.csv,0,0,0.665178
./epidope/e1482-0.csv,0,0,0.770166
./epidope/e1483-0.csv,0,0,0.609811
./epidope/e1484-0.csv,0,0,0.699913
./epidope/e1485-0.csv,0,0,0.697871
./epidope/e1486-0.csv,0,0,0.687719
./epidope/e1487-0.csv,0,0,0.695862
./epidope/e1488-0.csv,0,0,0.704054
./epidope/e1489-0.csv,0,0,0.706754
./epidope/e1490-0.csv,0,0,0.790838
./epidope/e1491-0.csv,0,0,0.683286
./epidope/e1492-0.csv,0,0,0.686691
./epidope/e1493-0.csv,0,0,0.659498
./epidope/e1494-0.csv,0,0,0.737504
./epidope/e1495-0.csv,0,0,0.54742
./epidope/e1496-0.csv,0,0,0.685831
./epidope/e1497-0.csv,0,0,0.707483
./epidope/e1498-0.csv,0,0,0.751153
./epidope/e1499-0.csv,0,0,0.64378
./epidope/e1500-0.csv,0,0,0.701071
./epidope/e1501-0.csv,0,0,0.746587
./epidope/e1502-0.csv,0,0,0.641561
./epidope/e1503-0.csv,0,0,0.69243
./epidope/e1504-0.csv,0,0,0.71356
./epidope/e1505-0.csv,0,0,0.756
./epidope/e1506-0.csv,0,0,0.791791
./epidope/e1507-0.csv,0,0,0.679905
./epidope/e1508-0.csv,0,0,0.750525
./epidope/e1509-0.csv,0,0,0.743112
./epidope/e1510-0.csv,0,0,0.674501
./epidope/e1511-0.csv,0,0,0.746266
./epidope/e1512-0.csv,0,0,0.718583
./epidope/e1513-0.csv,0,0,0.600247
./epidope/e1514-0.csv,0,0,0.73198
./epidope/e1515-0.csv,0,0,0.700432
./epidope/e1516-0.csv,0,0,0.720084
./epidope/e1517-0.csv,0,0,0.621685
./epidope/e1518-0.csv,0,0,0.698609
./epidope/e1519-0.csv,0,0,0.659605
./epidope/e1520-0.csv,0,0,0.704812
./epidope/e1521-0.csv,0,0,0.717465
./epidope/e1522-0.csv,0,0,0.711922
./epidope/e1523-0.csv,0,0,0.628103
./epidope/e1524-0.csv,0,0,0.767606
./epidope/e1525-0.csv,0,0,0.738064
./epidope/e1526-0.csv,0,0,0.749487
./epidope/e1527-0.csv,0,0,0.714723
./epidope/e1528-0.csv,0,0,0.769247
./epidope/e1529-0.csv,0,0,0.669293
./epidope/e1530-0.csv,0,0,0.697314
./epidope/e1531-0.csv,0,0,0.699825
./epidope/e1532-0.csv,0,0,0.724407
./epidope/e1533-0.csv,0,0,0.69016
./epidope/e1534-0.csv,0,0,0.709554
./epidope/e1535-0.csv,0,0,0.769034
./epidope/e1536-0.csv,0,0,0.607573
./epidope/e1537-0.csv,0,0,0.605225
./epidope/e1538-0.csv,0,0,0.619138
./epidope/e1539-0.csv,0,0,0.727717
./epidope/e1540-0.csv,0,0,0.566923
./epidope/e1541-0.csv,0,0,0.675029
./epidope/e1542-0.csv,0,0,0.610293
./epidope/e1543-0.csv,0,0,0.755512
./epidope/e1544-0.csv,0,0,0.740103
./epidope/e1545-0.csv,0,0,0.611475
./epidope/e1546-0.csv,0,0,0.73977
./epidope/e1547-0.csv,0,0,0.730678
./epidope/e1548-0.csv,0,0,0.735782
./epidope/e1549-0.csv,0,0,0.774031
./epidope/e1550-0.csv,0,0,0.737508
./epidope/e1551-0.csv,0,0,0.635937
./epidope/e1552-0.csv,0,0,0.746419
./epidope/e1553-0.csv,0,0,0.674472
./epidope/e1554-0.csv,0,0,0.711208
./epidope/e1555-0.csv,0,0,0.754761
./epidope/e1556-0.csv,0,0,0.718675
./epidope/e1557-0.csv,0,0,0.747634
./epidope/e1558-0.csv,0,0,0.661513
./epidope/e1559-0.csv,0,0,0.676137
./epidope/e1560-0.csv,0,0,0.658387
./epidope/e1561-0.csv,0,0,0.778417
./epidope/e1562-0.csv,0,0,0.605917
./epidope/e1563-0.csv,0,0,0.717602
./epidope/e1564-0.csv,0,0,0.629806
./epidope/e1565-0.csv,0,0,0.749703
./epidope/e1566-0.csv,0,0,0.65728
./epidope/e1567-0.csv,0,0,0.644951
./epidope/e1568-0.csv,0,0,0.705184
./epidope/e1569-0.csv,0,0,0.688273
./epidope/e1570-0.csv,0,0,0.70663
./epidope/e1571-0.csv,0,0,0.758093
./epidope/e1572-0.csv,0,0,0.793811
./epidope/e1573-0.csv,0,0,0.721126
./epidope/e1574-0.csv,0,0,0.654885
./epidope/e1575-0.csv,0,0,0.729455
./epidope/e1576-0.csv,0,0,0.736299
./epidope/e1577-0.csv,0,0,0.732219
./epidope/e1578-0.csv,0,0,0.595696
./epidope/e1579-0.csv,0,0,0.568159
./epidope/e1580-0.csv,0,0,0.733341
./epidope/e1581-0.csv,0,0,0.729873
./epidope/e1582-0.csv,0,0,0.73778
./epidope/e1583-0.csv,0,0,0.619312
./epidope/e1584-0.csv,0,0,0.676168
./epidope/e1585-0.csv,0,0,0.685575
./epidope/e1586-0.csv,0,0,0.636298
./epidope/e1587-0.csv,0,0,0.723886
./epidope/e1588-0.csv,0,0,0.733687
./epidope/e1589-0.csv,0,0,0.756867
./epidope/e1590-0.csv,0,0,0.665987
./epidope/e1591-0.csv,0,0,0.637753
./epidope/e1592-0.csv,0,0,0.759704
./epidope/e1593-0.csv,0,0,0.78558
./epidope/e1594-0.csv,0,0,0.665868
./epidope/e1595-0.csv,0,0,0.697641
./epidope/e1596-0.csv,0,0,0.663621
./epidope/e1597-0.csv,0,0,0.640333
./epidope/e1598-0.csv,0,0,0.72031
./epidope/e1599-0.csv,0,0,0.808619
./epidope/e1600-0.csv,0,0,0.692211
./epidope/e1601-0.csv,0,0,0.690389
./epidope/e1602-0.csv,0,0,0.662137
./epidope/e1603-0.csv,0,0,0.748754
./epidope/e1604-0.csv,0,0,0.651064
./epidope/e1605-0.csv,0,0,0.725255
./epidope/e1606-0.csv,0,0,0.71963
./epidope/e1607-0.csv,0,0,0.719524
./epidope/e1608-0.csv,0,0,0.749693
./epidope/e1609-0.csv,0,0,0.756342
./epidope/e1610-0.csv,0,0,0.673091
./epidope/e1611-0.csv,0,0,0.698872
./epidope/e1612-0.csv,0,0,0.755264
./epidope/e1613-0.csv,0,0,0.64468
./epidope/e1614-0.csv,0,0,0.675906
./epidope/e1615-0.csv,0,0,0.724084
./epidope/e1616-0.csv,0,0,0.672984
./epidope/e1617-0.csv,0,0,0.643105
./epidope/e1618-0.csv,0,0,0.745697
./epidope/e1619-0.csv,0,0,0.705268
./epidope/e1620-0.csv,0,0,0.597191
./epidope/e1621-0.csv,0,0,0.707595
./epidope/e1622-0.csv,0,0,0.749388
./epidope/e1623-0.csv,0,0,0.692697
./epidope/e1624-0.csv,0,0,0.650002
./epidope/e1625-0.csv,0,0,0.73234
./epidope/e1626-0.csv,0,0,0.74407
./epidope/e1627-0.csv,0,0,0.702693
./epidope/e1628-0.csv,0,0,0.708471
./epidope/e1629-0.csv,0,0,0.671611
./epidope/e1630-0.csv,0,0,0.728654
./epidope/e1631-0.csv,0,0,0.719351
./epidope/e1632-0.csv,0,0,0.747302
./epidope/e1633-0.csv,0,0,0.71829
./epidope/e1634-0.csv,0,0,0.719481
./epidope/e1635-0.csv,0,0,0.711838
./epidope/e1636-0.csv,0,0,0.718223
./epidope/e1637-0.csv,0,0,0.721021
./epidope/e1638-0.csv,0,0,0.74842
./epidope/e1639-0.csv,0,0,0.631844
./epidope/e1640-0.csv,0,0,0.560172
./epidope/e1641-0.csv,0,0,0.760846
./epidope/e1642-0.csv,0,0,0.657409
./epidope/e1643-0.csv,0,0,0.723467
./epidope/e1644-0.csv,0,0,0.631105
./epidope/e1645-0.csv,0,0,0.676033
./epidope/e1646-0.csv,0,0,0.652839
./epidope/e1647-0.csv,0,0,0.639123
./epidope/e1648-0.csv,0,0,0.612537
./epidope/e1649-0.csv,0,0,0.631813
./epidope/e1650-0.csv,0,0,0.671645
./epidope/e1651-0.csv,0,0,0.69266
./epidope/e1652-0.csv,0,0,0.710005
./epidope/e1653-0.csv,0,0,0.728555
./epidope/e1654-0.csv,0,0,0.704092
./epidope/e1655-0.csv,0,0,0.778509
./epidope/e1656-0.csv,0,0,0.779337
./epidope/e1657-0.csv,0,0,0.694299
./epidope/e1658-0.csv,0,0,0.687561
./epidope/e1659-0.csv,0,0,0.705591
./epidope/e1660-0.csv,0,0,0.718121
./epidope/e1661-0.csv,0,0,0.670449
./epidope/e1662-0.csv,0,0,0.751779
./epidope/e1663-0.csv,0,0,0.635788
./epidope/e1664-0.csv,0,0,0.671207
./epidope/e1665-0.csv,0,0,0.562192
./epidope/e1666-0.csv,0,1,0.820499
./epidope/e1667-0.csv,0,0,0.671473
./epidope/e1668-0.csv,0,0,0.709424
./epidope/e1669-0.csv,0,0,0.689699
./epidope/e1670-0.csv,0,0,0.686415
./epidope/e1671-0.csv,0,0,0.703853
./epidope/e1672-0.csv,0,0,0.67786
./epidope/e1673-0.csv,0,0,0.744918
./epidope/e1674-0.csv,0,0,0.759233
./epidope/e1675-0.csv,0,0,0.672728
./epidope/e1676-0.csv,0,0,0.690626
./epidope/e1677-0.csv,0,0,0.650947
./epidope/e1678-0.csv,0,0,0.779753
./epidope/e1679-0.csv,0,1,0.829586
./epidope/e1680-0.csv,0,0,0.781845
./epidope/e1681-0.csv,0,1,0.822093
./epidope/e1682-0.csv,0,0,0.766415
./epidope/e1683-0.csv,0,0,0.600176
./epidope/e1684-0.csv,0,0,0.628149
./epidope/e1685-0.csv,0,0,0.733593
./epidope/e1686-0.csv,0,0,0.604222
./epidope/e1687-0.csv,0,0,0.704508
./epidope/e1688-0.csv,0,0,0.553067
./epidope/e1689-0.csv,0,0,0.622793
./epidope/e1690-0.csv,0,0,0.740557
./epidope/e1691-0.csv,0,0,0.649455
./epidope/e1692-0.csv,0,0,0.670227
./epidope/e1693-0.csv,0,0,0.774942
./epidope/e1694-0.csv,0,0,0.707986
./epidope/e1695-0.csv,0,0,0.757132
./epidope/e1696-0.csv,0,0,0.708915
./epidope/e1697-0.csv,0,0,0.788377
./epidope/e1698-0.csv,0,0,0.731211
./epidope/e1699-0.csv,0,0,0.73703
./epidope/e1700-0.csv,0,0,0.607803
./epidope/e1701-0.csv,0,0,0.649185
./epidope/e1702-0.csv,0,0,0.689436
./epidope/e1703-0.csv,0,0,0.73486
./epidope/e1704-0.csv,0,0,0.70399
./epidope/e1705-0.csv,0,0,0.642293
./epidope/e1706-0.csv,0,0,0.708512
./epidope/e1707-0.csv,0,0,0.718557
./epidope/e1708-0.csv,0,0,0.726109
./epidope/e1709-0.csv,0,0,0.577114
./epidope/e1710-0.csv,0,0,0.749894
./epidope/e1711-0.csv,0,0,0.746657
./epidope/e1712-0.csv,0,0,0.670346
./epidope/e1713-0.csv,0,0,0.674573
./epidope/e1714-0.csv,0,0,0.741556
./epidope/e1715-0.csv,0,0,0.575677
./epidope/e1716-0.csv,0,0,0.664997
./epidope/e1717-0.csv,0,0,0.706732
./epidope/e1718-0.csv,0,0,0.725917
./epidope/e1719-0.csv,0,0,0.697126
./epidope/e1720-0.csv,0,0,0.65971
./epidope/e1721-0.csv,0,0,0.709401
./epidope/e1722-0.csv,0,0,0.725417
./epidope/e1723-0.csv,0,0,0.565776
./epidope/e1724-0.csv,0,0,0.74439
./epidope/e1725-0.csv,0,0,0.711137
./epidope/e1726-0.csv,0,0,0.723028
./epidope/e1727-0.csv,0,0,0.777516
./epidope/e1728-0.csv,0,0,0.646314
./epidope/e1729-0.csv,0,0,0.737902
./epidope/e1730-0.csv,0,0,0.656113
./epidope/e1731-0.csv,0,0,0.673959
./epidope/e1732-0.csv,0,0,0.751368
./epidope/e1733-0.csv,0,0,0.754792
./epidope/e1734-0.csv,0,0,0.708183
./epidope/e1735-0.csv,0,0,0.743416
./epidope/e1736-0.csv,0,0,0.64425
./epidope/e1737-0.csv,0,0,0.752952
./epidope/e1738-0.csv,0,0,0.687529
./epidope/e1739-0.csv,0,0,0.622268
./epidope/e1740-0.csv,0,0,0.678807
./epidope/e1741-0.csv,0,0,0.651605
./epidope/e1742-0.csv,0,0,0.648178
./epidope/e1743-0.csv,0,0,0.734371
./epidope/e1744-0.csv,0,0,0.684702
