e-1,YVWKISEFYGRKPEGT,1,1,1
e-2,EGTYYNSLGFNIKATN,1,1,0.987
e-3,ATHAKSSPYQKKTENP,1,1,1
e-4,SCQQEPDDLKQKACES,1,1,0.909
e-5,HPPGERTRGRQPGDYD,1,1,1
e-6,GRQPGDYDDDRRQPRR,1,1,0.998
e-7,RRQPRREEGGRWGPAE,1,1,1
e-8,PREREREEDWRQPRED,1,1,1
e-9,QPREDWRRPSHQQPRK,1,1,0.94
e-10,SHQQPRKIRPEGREGE,1,1,0.999
e-11,PVNTPGQFEDFFPASS,1,0,0.425
e-12,EAAFNAEFNEIRRVLL,1,0,0.062
e-13,AGGEQEERGQRRWSTR,1,1,0.997
e-14,EEGDITNPINLREGEP,1,0,0.476
e-15,DLSNNFGKLFEVKPDK,1,0,0.023
e-16,REVRRYTARLKEGDVF,1,1,1
e-17,ASSELHLLGFGINAEN,1,0,0.001
e-18,ENNHRIFLAGDKDNVI,1,0,0.049
e-19,DNVIDQIEKQAKDLAF,1,0,0.146
e-20,KQAKDLAFPGSGEQVE,1,0,0.048
e-21,KNQKESHFVSARPQSQ,1,0,0.372
e-22,LAAHASARQQWELQGD,1,0,0.464
e-23,SARQQWELQGDRRCQS,1,1,0.701
e-24,LQGDRRCQSQLERANL,1,0,0.1
e-25,RANLRPCEQHLMQKIQ,1,0,0.327
e-26,HLMQKIQRDEDSYERD,1,1,0.988
e-27,PYSPSQDPYSPSPYDR,1,1,0.996
e-28,LRAPQRCDLDVESGGR,1,0,0.37
e-29,YIETWNPNNQEFECAG,1,1,0.989
e-30,GGNIFSGFTPEFLEQA,1,0,0.257
e-31,IVTVRGGLRILSPDRK,1,0,0.001
e-32,YDEDEYEYDEEDRRRG,1,1,1
e-33,RATWTCINQQLNPKTN,1,1,0.884
e-34,LNPKTNKWEDKRLLYS,1,0,0.423
e-35,RLLYNQAKAESNSHHA,1,0,0.159
e-36,YPHWFTNGYDGNGKLI,1,1,0.935
e-37,LIKGRTPIKFGKADCD,1,0,0.483
e-38,KADCDRPPKHSQNGMG,1,1,1
e-39,NGMGKDDHYLLEFPTF,1,1,1
e-40,LLEFPTFPDGHDYKFD,1,1,1
e-41,KEDPGPARVIYTYPNK,1,1,1
e-42,PARVIYTYPNKVFCGI,1,1,0.999
e-43,VFCGIVAHQRGNQGDL,1,1,1
e-44,QRGNQGDLRLCSHMVA,1,1,0.998
e-45,SDVVFSYIPWSEDKGE,1,1,1
e-46,FTPVCSARHVPEYIEK,1,1,0.997
e-47,AVLAYNDAYVMSAWGK,1,1,0.998
e-48,LSDPDARFSKSIGWAD,1,1,1
e-49,GRTKRYALVIDHGKIT,1,1,0.99
e-50,EPAKNHLEFSSAETVL,1,1,0.994
e-51,ICGTDGVTYTNDCLLC,1,1,0.747
e-52,YTNDCLLCAYSIEFGT,1,0,0.027
e-53,NISKEHDGECKETVPM,1,1,0.937
e-54,TSEDGKVMVLCNRAFN,1,0,0.348
e-55,SVDKRHDGGCRKELAA,1,0,0.243
e-56,KTYGNKCNFCNAVVES,1,1,0.765
e-57,NGTLTLSHFGKCNKCN,1,1,0.574
e-58,AVAAEDEDNQQGQGEG,1,0,0.097
e-59,EGLKYLGFVQDAATYA,1,1,0.963
e-60,SNVYLFAKDKSGPLQP,1,1,0.513
e-61,SGPLQPGVDIIEGPVK,1,1,0.999
e-62,KNVAVPLYNRFSYIPN,1,1,0.587
e-63,VPLYNRFSYIPNGALK,1,0,0.495
e-64,VTIIDRSLPPIVKDAS,1,0,0.038
e-65,PIVKDASIQVVSAIRA,1,0,0.105
e-66,ENMAEEVEEERLKYLD,1,1,1
e-67,VEEERLKYLDFVRAAG,1,1,0.983
e-68,SFSTLYLYAKDISGPL,1,0,0.031
e-69,SGPLKPGVDTIENVVK,1,1,0.922
e-70,TPVYYIPLEAVKFVDK,1,1,0.999
e-71,DGVVPPVIKQVSAQTY,1,1,0.964
e-72,AQDAPRIVLDVASSVF,1,0,0.032
e-73,FNTGVQEGAKALYANL,1,1,0.896
e-74,EQYAVITWRALNKLPL,1,0,0.111
e-75,NVVVPTAVYFSEKYND,1,1,0.71
e-76,TTEQGYRVSSYLPLLP,1,1,0.761
e-77,TALPKNETPEVTKAEE,1,1,0.976
e-78,KAEETKTEEPAAPPAS,1,1,1
e-79,EEPAAPPASEQETADA,1,1,1
e-80,PEKEEPTAAPAEPEAP,1,1,1
e-81,APETEKAEEVEKIEKT,1,1,1
e-82,EVEKIEKTEEPAPEAD,1,1,1
e-83,EADQTTPEEKPAEPEP,1,1,1
e-84,PVAEEEPKHETKETET,1,1,1
e-85,PAEGEKPAEEEKPITE,1,1,1
e-86,EEEKPITEAAETATTE,1,1,0.999
e-87,ETATTEVPVEKTEEMA,1,1,0.999
e-88,QQQGLRGEEMEEMVQS,1,1,0.979
e-89,WIIFSQNMNIKLKMPL,1,0,0.184
e-90,TVAFNQFGPNAGQRMP,1,1,0.922
e-91,AGQRMPRARYGLIHVA,1,1,0.77
e-92,NWVWRSTRDAFINGAY,1,1,0.537
e-93,NLAAGTASARFWGRTG,1,0,0.062
e-94,GCTFDASGKGSCQTGD,1,1,0.935
e-95,CKADINAVCPSELKVD,1,1,0.684
e-96,KVDGGCNSACNVFKTD,1,1,0.985
e-97,RNAYVDNCPATNYSKI,1,1,0.982
e-98,CLPFVQGKEKEPSKGC,1,1,0.994
e-99,EPSKGCCSGAKRLDGE,1,1,0.882
e-100,VSEVPKHCGIVDSKLP,1,0,0.478
e-101,GPSDPAHKARLERPQI,1,1,0.939
e-102,LHFVKGEEKEPSKECC,1,1,0.984
e-103,KECCSGTKKLSEEVKT,1,0,0.471
e-104,KKLSEEVKTTEQKREA,1,1,0.799
e-105,TEQKREACKCIVRATK,1,1,0.979
e-106,EACKCIVRATKGISGI,1,1,0.952
e-107,AEVPKKCDIKTTLPPI,1,1,0.884
e-108,DFDCSKIQSTIFRGYY,1,1,0.727
e-109,SAYAVADVTPKQLKAA,1,1,0.543
e-110,NSDASNTSPASAPNAL,1,1,0.999
e-111,KSNARASFSNYGSVVD,1,1,0.701
e-112,SNARASFSNYGSVVDI,1,1,0.611
e-112,NARASFSNYGSVVDIF,1,1,0.711
e-112,ARASFSNYGSVVDIFA,1,1,0.512
e-112,RASFSNYGSVVDIFAP,1,0,0.337
e-112,ASFSNYGSVVDIFAPG,1,0,0.398
e-112,SFSNYGSVVDIFAPGQ,1,0,0.443
e-112,FSNYGSVVDIFAPGQD,1,1,0.654
e-112,SNYGSVVDIFAPGQDI,1,1,0.636
e-112,NYGSVVDIFAPGQDIL,1,1,0.782
e-112,YGSVVDIFAPGQDILS,1,1,0.691
e-112,GSVVDIFAPGQDILSA,1,1,0.626
e-112,SVVDIFAPGQDILSAW,1,1,0.801
e-112,VVDIFAPGQDILSAWI,1,1,0.684
e-112,VDIFAPGQDILSAWIG,1,1,0.755
e-112,DIFAPGQDILSAWIGS,1,1,0.711
e-112,IFAPGQDILSAWIGST,1,1,0.774
e-112,FAPGQDILSAWIGSTT,1,1,0.902
e-112,APGQDILSAWIGSTTA,1,1,0.867
e-112,PGQDILSAWIGSTTAT,1,1,0.944
e-112,GQDILSAWIGSTTATN,1,1,0.906
e-112,QDILSAWIGSTTATNT,1,1,0.974
e-112,DILSAWIGSTTATNTI,1,1,0.974
e-112,ILSAWIGSTTATNTIS,1,1,0.986
e-112,LSAWIGSTTATNTISG,1,1,0.996
e-112,SAWIGSTTATNTISGT,1,1,0.997
e-112,AWIGSTTATNTISGTS,1,1,0.999
e-112,WIGSTTATNTISGTSM,1,1,0.999
e-112,IGSTTATNTISGTSMA,1,1,0.999
e-112,GSTTATNTISGTSMAT,1,1,0.998
e-112,STTATNTISGTSMATP,1,1,0.998
e-112,TTATNTISGTSMATPH,1,1,0.993
e-112,TATNTISGTSMATPHI,1,1,0.957
e-112,ATNTISGTSMATPHIV,1,1,0.929
e-112,TNTISGTSMATPHIVG,1,1,0.922
e-112,NTISGTSMATPHIVGL,1,1,0.838
e-112,TISGTSMATPHIVGLS,1,1,0.664
e-112,ISGTSMATPHIVGLSV,1,0,0.428
e-112,SGTSMATPHIVGLSVY,1,0,0.459
e-112,GTSMATPHIVGLSVYL,1,0,0.217
e-112,TSMATPHIVGLSVYLM,1,0,0.174
e-112,SMATPHIVGLSVYLMG,1,0,0.104
e-112,MATPHIVGLSVYLMGL,1,0,0.035
e-112,ATPHIVGLSVYLMGLE,1,0,0.023
e-112,TPHIVGLSVYLMGLEN,1,0,0.046
e-112,PHIVGLSVYLMGLENL,1,0,0.015
e-112,HIVGLSVYLMGLENLS,1,0,0.006
e-112,IVGLSVYLMGLENLSG,1,0,0.003
e-112,VGLSVYLMGLENLSGP,1,0,0.003
e-112,GLSVYLMGLENLSGPA,1,0,0.004
e-112,LSVYLMGLENLSGPAA,1,0,0.012
e-112,SVYLMGLENLSGPAAV,1,0,0.046
e-112,VYLMGLENLSGPAAVT,1,0,0.057
e-112,YLMGLENLSGPAAVTA,1,0,0.014
e-112,LMGLENLSGPAAVTAR,1,0,0.007
e-112,MGLENLSGPAAVTARI,1,0,0.004
e-112,GLENLSGPAAVTARIK,1,0,0.003
e-113,IFAPGQDILSAWIGST,1,1,0.774
e-113,FAPGQDILSAWIGSTT,1,1,0.902
e-113,APGQDILSAWIGSTTA,1,1,0.867
e-113,PGQDILSAWIGSTTAT,1,1,0.944
e-113,GQDILSAWIGSTTATN,1,1,0.906
e-113,QDILSAWIGSTTATNT,1,1,0.974
e-113,DILSAWIGSTTATNTI,1,1,0.974
e-113,ILSAWIGSTTATNTIS,1,1,0.986
e-113,LSAWIGSTTATNTISG,1,1,0.996
e-113,SAWIGSTTATNTISGT,1,1,0.997
e-113,AWIGSTTATNTISGTS,1,1,0.999
e-113,WIGSTTATNTISGTSM,1,1,0.999
e-113,IGSTTATNTISGTSMA,1,1,0.999
e-113,GSTTATNTISGTSMAT,1,1,0.998
e-113,STTATNTISGTSMATP,1,1,0.998
e-113,TTATNTISGTSMATPH,1,1,0.993
e-113,TATNTISGTSMATPHI,1,1,0.957
e-113,ATNTISGTSMATPHIV,1,1,0.929
e-113,TNTISGTSMATPHIVG,1,1,0.922
e-113,NTISGTSMATPHIVGL,1,1,0.838
e-113,TISGTSMATPHIVGLS,1,1,0.664
e-113,ISGTSMATPHIVGLSV,1,0,0.428
e-113,SGTSMATPHIVGLSVY,1,0,0.459
e-113,GTSMATPHIVGLSVYL,1,0,0.217
e-113,TSMATPHIVGLSVYLM,1,0,0.174
e-113,SMATPHIVGLSVYLMG,1,0,0.104
e-113,MATPHIVGLSVYLMGL,1,0,0.035
e-113,ATPHIVGLSVYLMGLE,1,0,0.023
e-113,TPHIVGLSVYLMGLEN,1,0,0.046
e-113,PHIVGLSVYLMGLENL,1,0,0.015
e-113,HIVGLSVYLMGLENLS,1,0,0.006
e-113,IVGLSVYLMGLENLSG,1,0,0.003
e-113,VGLSVYLMGLENLSGP,1,0,0.003
e-113,GLSVYLMGLENLSGPA,1,0,0.004
e-113,LSVYLMGLENLSGPAA,1,0,0.012
e-113,SVYLMGLENLSGPAAV,1,0,0.046
e-113,VYLMGLENLSGPAAVT,1,0,0.057
e-113,YLMGLENLSGPAAVTA,1,0,0.014
e-113,LMGLENLSGPAAVTAR,1,0,0.007
e-113,MGLENLSGPAAVTARI,1,0,0.004
e-113,GLENLSGPAAVTARIK,1,0,0.003
e-113,LENLSGPAAVTARIKE,1,0,0.003
e-114,GLENLSGPAAVTARIK,1,0,0.003
e-114,LENLSGPAAVTARIKE,1,0,0.003
e-114,ENLSGPAAVTARIKEL,1,0,0.003
e-114,NLSGPAAVTARIKELA,1,0,0.001
e-114,LSGPAAVTARIKELAT,1,0,0.001
e-114,SGPAAVTARIKELATN,1,0,0.001
e-114,GPAAVTARIKELATNG,1,0,0.001
e-114,PAAVTARIKELATNGV,1,0,0
e-114,AAVTARIKELATNGVV,1,0,0
e-114,AVTARIKELATNGVVT,1,0,0.001
e-114,VTARIKELATNGVVTN,1,0,0.006
e-114,TARIKELATNGVVTNV,1,0,0.018
e-114,ARIKELATNGVVTNVK,1,0,0.023
e-114,RIKELATNGVVTNVKG,1,0,0.057
e-114,IKELATNGVVTNVKGS,1,0,0.104
e-114,KELATNGVVTNVKGSP,1,0,0.242
e-114,ELATNGVVTNVKGSPN,1,0,0.273
e-114,LATNGVVTNVKGSPNK,1,0,0.151
e-114,ATNGVVTNVKGSPNKL,1,0,0.166
e-114,TNGVVTNVKGSPNKLA,1,0,0.407
e-114,NGVVTNVKGSPNKLAY,1,0,0.31
e-114,GVVTNVKGSPNKLAYN,1,0,0.321
e-114,VVTNVKGSPNKLAYNG,1,0,0.401
e-114,VTNVKGSPNKLAYNGN,1,0,0.242
e-114,TNVKGSPNKLAYNGNA,1,0,0.382
e-115,ACGIPINYNASKEWAD,1,1,1
e-115,CGIPINYNASKEWADK,1,1,1
e-115,GIPINYNASKEWADKK,1,1,1
e-115,IPINYNASKEWADKKV,1,1,1
e-115,PINYNASKEWADKKVI,1,1,1
e-115,INYNASKEWADKKVIL,1,1,1
e-116,PGNKKFVVNNLFFNGP,1,0,0.049
e-116,GNKKFVVNNLFFNGPC,1,0,0.063
e-116,NKKFVVNNLFFNGPCQ,1,0,0.085
e-116,KKFVVNNLFFNGPCQP,1,0,0.309
e-116,KFVVNNLFFNGPCQPH,1,0,0.481
e-116,FVVNNLFFNGPCQPHF,1,1,0.511
e-117,GQCKWVNGREICNDRD,1,1,0.788
e-117,QCKWVNGREICNDRDR,1,1,0.901
e-117,CKWVNGREICNDRDRP,1,1,0.911
e-117,KWVNGREICNDRDRPT,1,1,0.933
e-117,WVNGREICNDRDRPTA,1,1,0.935
e-118,SHIIYENVEMINSENP,1,0,0.291
e-118,HIIYENVEMINSENPI,1,0,0.435
e-118,IIYENVEMINSENPIL,1,0,0.353
e-118,IYENVEMINSENPILI,1,0,0.287
e-118,YENVEMINSENPILIN,1,0,0.267
e-118,ENVEMINSENPILINQ,1,0,0.275
e-118,NVEMINSENPILINQF,1,0,0.248
e-118,VEMINSENPILINQFY,1,0,0.275
e-118,EMINSENPILINQFYC,1,0,0.322
e-118,MINSENPILINQFYCT,1,0,0.484
e-119,YCTSASACQNQRSAVQ,1,1,0.538
e-119,CTSASACQNQRSAVQI,1,0,0.334
e-119,TSASACQNQRSAVQIQ,1,0,0.336
e-119,SASACQNQRSAVQIQD,1,0,0.219
e-119,ASACQNQRSAVQIQDV,1,0,0.234
e-120,GVDAYVIDTGANVKHV,1,0,0.399
e-120,VDAYVIDTGANVKHVD,1,0,0.198
e-120,DAYVIDTGANVKHVDF,1,0,0.219
e-120,AYVIDTGANVKHVDFE,1,0,0.163
e-121,VIDTGANVKHVDFEGR,1,0,0.181
e-121,IDTGANVKHVDFEGRA,1,0,0.376
e-121,DTGANVKHVDFEGRAN,1,1,0.594
e-121,TGANVKHVDFEGRANW,1,0,0.49
e-122,TIPQGDADEDGNGHGT,1,1,0.996
e-122,IPQGDADEDGNGHGTH,1,1,0.99
e-122,PQGDADEDGNGHGTHC,1,1,0.992
e-122,QGDADEDGNGHGTHCS,1,1,0.991
e-122,GDADEDGNGHGTHCSG,1,1,0.995
e-122,DADEDGNGHGTHCSGT,1,1,0.99
e-122,ADEDGNGHGTHCSGTI,1,1,0.99
e-122,DEDGNGHGTHCSGTIA,1,1,0.97
e-122,EDGNGHGTHCSGTIAG,1,1,0.881
e-122,DGNGHGTHCSGTIAGK,1,1,0.902
e-123,RSNGSGTMSDVVKGVE,1,0,0.362
e-123,SNGSGTMSDVVKGVEW,1,0,0.352
e-124,AHIKKSKKGDKKFKGS,1,1,1
e-124,HIKKSKKGDKKFKGSV,1,1,1
e-124,IKKSKKGDKKFKGSVA,1,1,1
e-124,KKSKKGDKKFKGSVAN,1,1,1
e-124,KSKKGDKKFKGSVANM,1,1,0.997
e-124,SKKGDKKFKGSVANMS,1,1,0.97
e-124,KKGDKKFKGSVANMSL,1,1,0.954
e-124,KGDKKFKGSVANMSLG,1,1,0.717
e-124,GDKKFKGSVANMSLGG,1,0,0.368
e-124,DKKFKGSVANMSLGGG,1,0,0.189
e-124,KKFKGSVANMSLGGGS,1,0,0.263
e-124,KFKGSVANMSLGGGSS,1,0,0.17
e-124,FKGSVANMSLGGGSSR,1,0,0.162
e-124,KGSVANMSLGGGSSRT,1,0,0.179
e-124,GSVANMSLGGGSSRTL,1,0,0.138
e-124,SVANMSLGGGSSRTLD,1,0,0.222
e-125,ILSTWVGSDHATNTIS,1,1,0.765
e-125,LSTWVGSDHATNTISG,1,1,0.912
e-125,STWVGSDHATNTISGT,1,1,0.922
e-125,TWVGSDHATNTISGTS,1,1,0.92
e-125,WVGSDHATNTISGTSM,1,1,0.918
e-125,VGSDHATNTISGTSMA,1,1,0.901
e-126,KAALISVATEGTLTDI,1,0,0.001
e-126,AALISVATEGTLTDIP,1,0,0.004
e-126,ALISVATEGTLTDIPS,1,0,0.068
e-126,LISVATEGTLTDIPSD,1,0,0.325
e-126,ISVATEGTLTDIPSDT,1,1,0.691
e-126,SVATEGTLTDIPSDTP,1,1,0.901
e-126,VATEGTLTDIPSDTPN,1,1,0.91
e-126,ATEGTLTDIPSDTPNL,1,1,0.965
e-127,GTLTDIPSDTPNLLAW,1,1,0.978
e-127,TLTDIPSDTPNLLAWN,1,1,0.984
e-127,LTDIPSDTPNLLAWNG,1,1,0.964
e-127,TDIPSDTPNLLAWNGG,1,1,0.959
e-127,DIPSDTPNLLAWNGGG,1,1,0.964
e-127,IPSDTPNLLAWNGGGS,1,1,0.985
e-127,PSDTPNLLAWNGGGSA,1,1,0.975
e-127,SDTPNLLAWNGGGSAN,1,1,0.987
e-127,DTPNLLAWNGGGSANY,1,1,0.994
e-127,TPNLLAWNGGGSANYT,1,1,0.994
e-127,PNLLAWNGGGSANYTK,1,1,0.993
e-127,NLLAWNGGGSANYTKI,1,1,0.992
e-127,LLAWNGGGSANYTKIL,1,1,0.975
e-127,LAWNGGGSANYTKILA,1,1,0.962
e-127,AWNGGGSANYTKILAD,1,1,0.952
e-127,WNGGGSANYTKILADG,1,1,0.783
e-127,NGGGSANYTKILADGG,1,1,0.69
e-127,GGGSANYTKILADGGY,1,1,0.541
e-128,MQQLENDLDQVQESLL,1,0,0.392
e-128,QQLENDLDQVQESLLK,1,0,0.333
e-129,ASKLREQFGNNKTIIF,1,1,0.944
e-129,SKLREQFGNNKTIIFK,1,1,0.987
e-129,KLREQFGNNKTIIFKQ,1,1,0.998
e-129,LREQFGNNKTIIFKQS,1,1,0.999
e-129,REQFGNNKTIIFKQSS,1,1,0.999
e-129,EQFGNNKTIIFKQSSG,1,1,1
e-129,QFGNNKTIIFKQSSGG,1,1,1
e-129,FGNNKTIIFKQSSGGD,1,1,1
e-129,GNNKTIIFKQSSGGDP,1,1,1
e-129,NNKTIIFKQSSGGDPE,1,1,1
e-129,NKTIIFKQSSGGDPEI,1,1,1
e-129,KTIIFKQSSGGDPEIV,1,1,1
e-129,TIIFKQSSGGDPEIVT,1,1,1
e-129,IIFKQSSGGDPEIVTH,1,1,1
e-129,IFKQSSGGDPEIVTHS,1,1,1
e-129,FKQSSGGDPEIVTHSF,1,1,1
e-129,KQSSGGDPEIVTHSFN,1,1,1
e-130,CLGQNSQSPTSNHSPT,1,1,1
e-130,LGQNSQSPTSNHSPTS,1,1,1
e-130,GQNSQSPTSNHSPTSC,1,1,1
e-130,QNSQSPTSNHSPTSCP,1,1,1
e-130,NSQSPTSNHSPTSCPP,1,1,1
e-130,SQSPTSNHSPTSCPPT,1,1,1
e-130,QSPTSNHSPTSCPPTC,1,1,1
e-130,SPTSNHSPTSCPPTCP,1,1,1
e-130,PTSNHSPTSCPPTCPG,1,1,1
e-130,TSNHSPTSCPPTCPGY,1,1,1
e-130,SNHSPTSCPPTCPGYR,1,1,1
e-130,NHSPTSCPPTCPGYRW,1,1,1
e-130,HSPTSCPPTCPGYRWM,1,1,1
e-130,SPTSCPPTCPGYRWMC,1,1,1
e-130,PTSCPPTCPGYRWMCL,1,1,1
e-130,TSCPPTCPGYRWMCLR,1,1,1
e-130,SCPPTCPGYRWMCLRR,1,1,1
e-130,CPPTCPGYRWMCLRRF,1,1,0.998
e-130,PPTCPGYRWMCLRRFI,1,1,0.993
e-131,CQVVKQPDYLVVPGEV,1,1,1
e-131,QVVKQPDYLVVPGEVM,1,1,1
e-131,VVKQPDYLVVPGEVME,1,1,1
e-131,VKQPDYLVVPGEVMEY,1,1,1
e-131,KQPDYLVVPGEVMEYK,1,1,1
e-131,QPDYLVVPGEVMEYKP,1,1,1
e-131,PDYLVVPGEVMEYKPR,1,1,1
e-131,DYLVVPGEVMEYKPRR,1,1,1
e-132,CSPGIWQLDCTHLEGK,1,1,0.889
e-132,SPGIWQLDCTHLEGKV,1,1,0.911
e-132,PGIWQLDCTHLEGKVI,1,1,0.826
e-132,GIWQLDCTHLEGKVIL,1,1,0.702
e-132,IWQLDCTHLEGKVILV,1,1,0.645
e-132,WQLDCTHLEGKVILVA,1,1,0.63
e-132,QLDCTHLEGKVILVAV,1,1,0.559
e-132,LDCTHLEGKVILVAVH,1,1,0.583
e-132,DCTHLEGKVILVAVHV,1,1,0.8
e-132,CTHLEGKVILVAVHVA,1,1,0.776
e-132,THLEGKVILVAVHVAS,1,1,0.943
e-132,HLEGKVILVAVHVASG,1,1,0.924
e-132,LEGKVILVAVHVASGY,1,1,0.949
e-132,EGKVILVAVHVASGYI,1,1,0.953
e-132,GKVILVAVHVASGYIE,1,1,0.985
e-132,KVILVAVHVASGYIEA,1,1,0.997
e-132,VILVAVHVASGYIEAE,1,1,0.996
e-132,ILVAVHVASGYIEAEV,1,1,0.998
e-132,LVAVHVASGYIEAEVI,1,1,0.997
e-132,VAVHVASGYIEAEVIP,1,1,0.997
e-132,AVHVASGYIEAEVIPA,1,1,0.992
e-132,VHVASGYIEAEVIPAE,1,1,0.99
e-132,HVASGYIEAEVIPAET,1,1,0.958
e-132,VASGYIEAEVIPAETG,1,1,0.875
e-132,ASGYIEAEVIPAETGQ,1,1,0.839
e-132,SGYIEAEVIPAETGQE,1,1,0.814
e-132,GYIEAEVIPAETGQET,1,1,0.686
e-132,YIEAEVIPAETGQETA,1,0,0.48
e-132,IEAEVIPAETGQETAY,1,0,0.493
e-132,EAEVIPAETGQETAYF,1,0,0.357
e-132,AEVIPAETGQETAYFL,1,0,0.138
e-132,EVIPAETGQETAYFLL,1,0,0.152
e-133,DELFNELLNSVDVNGE,1,1,0.973
e-133,ELFNELLNSVDVNGEN,1,1,0.996
e-133,LFNELLNSVDVNGENI,1,1,0.996
e-133,FNELLNSVDVNGENIL,1,1,0.998
e-133,NELLNSVDVNGENILE,1,1,0.997
e-133,ELLNSVDVNGENILEE,1,1,0.992
e-133,LLNSVDVNGENILEES,1,1,0.997
e-133,LNSVDVNGENILEESQ,1,1,0.999
e-134,DTHTTGGVAGRDTLRF,1,1,0.993
e-134,THTTGGVAGRDTLRFT,1,1,0.995
e-134,HTTGGVAGRDTLRFTG,1,1,0.997
e-134,TTGGVAGRDTLRFTGF,1,1,0.997
e-134,TGGVAGRDTLRFTGFF,1,1,0.998
e-134,GGVAGRDTLRFTGFFS,1,1,0.999
e-134,GVAGRDTLRFTGFFSF,1,1,0.99
e-134,VAGRDTLRFTGFFSFG,1,1,0.967
e-134,AGRDTLRFTGFFSFGP,1,1,0.995
e-134,GRDTLRFTGFFSFGPK,1,1,0.995
e-134,RDTLRFTGFFSFGPKQ,1,1,0.992
e-134,DTLRFTGFFSFGPKQK,1,1,0.989
e-135,DYQGMLPVCPLIPGSS,1,1,1
e-135,YQGMLPVCPLIPGSST,1,1,1
e-135,QGMLPVCPLIPGSSTT,1,1,1
e-135,GMLPVCPLIPGSSTTS,1,1,1
e-135,MLPVCPLIPGSSTTST,1,1,1
e-135,LPVCPLIPGSSTTSTG,1,1,1
e-135,PVCPLIPGSSTTSTGP,1,1,1
e-135,VCPLIPGSSTTSTGPC,1,1,1
e-136,EFKEINEDDKSAHIQH,1,1,1
e-136,FKEINEDDKSAHIQHE,1,1,1
e-136,KEINEDDKSAHIQHEI,1,1,1
e-136,EINEDDKSAHIQHEIV,1,1,1
e-136,INEDDKSAHIQHEIVE,1,1,1
e-136,NEDDKSAHIQHEIVEV,1,1,1
e-136,EDDKSAHIQHEIVEVE,1,1,1
e-136,DDKSAHIQHEIVEVEE,1,1,1
e-136,DKSAHIQHEIVEVEEI,1,1,1
e-136,KSAHIQHEIVEVEEIL,1,1,1
e-136,SAHIQHEIVEVEEILP,1,1,1
e-136,AHIQHEIVEVEEILPE,1,1,1
e-136,HIQHEIVEVEEILPED,1,1,1
e-136,IQHEIVEVEEILPEDD,1,1,1
e-137,EIILPENVETEEIIDD,1,1,1
e-137,IILPENVETEEIIDDV,1,1,1
e-137,ILPENVETEEIIDDVP,1,1,1
e-137,LPENVETEEIIDDVPS,1,1,1
e-137,PENVETEEIIDDVPSP,1,1,1
e-137,ENVETEEIIDDVPSPK,1,1,1
e-137,NVETEEIIDDVPSPKH,1,1,1
e-137,VETEEIIDDVPSPKHS,1,1,1
e-137,ETEEIIDDVPSPKHSN,1,1,1
e-137,TEEIIDDVPSPKHSNH,1,1,1
e-137,EEIIDDVPSPKHSNHE,1,1,1
e-137,EIIDDVPSPKHSNHET,1,1,1
e-137,IIDDVPSPKHSNHETF,1,1,1
e-138,EKECPFIKPEVKPGTP,1,1,0.989
e-138,KECPFIKPEVKPGTPA,1,1,0.994
e-138,ECPFIKPEVKPGTPAQ,1,1,0.998
e-138,CPFIKPEVKPGTPAQE,1,1,0.999
e-138,PFIKPEVKPGTPAQEI,1,1,1
e-138,FIKPEVKPGTPAQEIE,1,1,1
e-138,IKPEVKPGTPAQEIEM,1,1,1
e-138,KPEVKPGTPAQEIEML,1,1,1
e-138,PEVKPGTPAQEIEMLK,1,1,1
e-138,EVKPGTPAQEIEMLKR,1,1,1
e-138,VKPGTPAQEIEMLKRN,1,1,1
e-138,KPGTPAQEIEMLKRNK,1,1,1
e-138,PGTPAQEIEMLKRNKI,1,1,0.999
e-138,GTPAQEIEMLKRNKIY,1,1,0.993
e-138,TPAQEIEMLKRNKIYF,1,1,0.988
e-139,EQELVDCASQHGCHGD,1,1,1
e-139,QELVDCASQHGCHGDT,1,1,0.999
e-139,ELVDCASQHGCHGDTI,1,1,0.999
e-139,LVDCASQHGCHGDTIP,1,1,1
e-139,VDCASQHGCHGDTIPR,1,1,1
e-139,DCASQHGCHGDTIPRG,1,1,1
e-139,CASQHGCHGDTIPRGI,1,1,1
e-139,ASQHGCHGDTIPRGIE,1,1,1
e-139,SQHGCHGDTIPRGIEY,1,1,1
e-139,QHGCHGDTIPRGIEYI,1,1,1
e-139,HGCHGDTIPRGIEYIQ,1,1,1
e-139,GCHGDTIPRGIEYIQH,1,1,1
e-139,CHGDTIPRGIEYIQHN,1,1,1
e-139,HGDTIPRGIEYIQHNG,1,1,0.999
e-139,GDTIPRGIEYIQHNGV,1,1,0.998
e-139,DTIPRGIEYIQHNGVV,1,1,0.991
e-139,TIPRGIEYIQHNGVVQ,1,1,0.982
e-139,IPRGIEYIQHNGVVQE,1,1,0.966
e-139,PRGIEYIQHNGVVQES,1,1,0.931
e-139,RGIEYIQHNGVVQESY,1,1,0.927
e-140,ETHVTGGSAGRTTAGL,1,1,0.998
e-140,THVTGGSAGRTTAGLV,1,1,0.997
e-140,HVTGGSAGRTTAGLVG,1,1,0.998
e-140,VTGGSAGRTTAGLVGL,1,1,0.996
e-140,TGGSAGRTTAGLVGLL,1,1,0.974
e-140,GGSAGRTTAGLVGLLT,1,1,0.907
e-140,GSAGRTTAGLVGLLTP,1,1,0.685
e-140,SAGRTTAGLVGLLTPG,1,0,0.253
e-140,AGRTTAGLVGLLTPGA,1,0,0.169
e-140,GRTTAGLVGLLTPGAK,1,0,0.05
e-140,RTTAGLVGLLTPGAKQ,1,0,0.026
e-140,TTAGLVGLLTPGAKQN,1,0,0.038
e-141,ETSEGCRQILGQRQPS,1,1,0.999
e-141,TSEGCRQILGQRQPSL,1,1,0.999
e-141,SEGCRQILGQRQPSLQ,1,1,0.999
e-141,EGCRQILGQRQPSLQT,1,1,1
e-141,GCRQILGQRQPSLQTG,1,1,1
e-141,CRQILGQRQPSLQTGS,1,1,1
e-141,RQILGQRQPSLQTGSE,1,1,1
e-141,QILGQRQPSLQTGSEE,1,1,1
e-141,ILGQRQPSLQTGSEEL,1,1,1
e-141,LGQRQPSLQTGSEELR,1,1,1
e-141,GQRQPSLQTGSEELRS,1,1,1
e-141,QRQPSLQTGSEELRSL,1,1,1
e-141,RQPSLQTGSEELRSLY,1,1,1
e-141,QPSLQTGSEELRSLYN,1,1,1
e-141,PSLQTGSEELRSLYNT,1,1,1
e-141,SLQTGSEELRSLYNTI,1,1,0.999
e-141,LQTGSEELRSLYNTIH,1,1,0.997
e-142,EVGGDLVTIKHVVLEG,1,1,0.7
e-142,VGGDLVTIKHVVLEGV,1,1,0.908
e-142,GGDLVTIKHVVLEGVK,1,1,0.911
e-142,GDLVTIKHVVLEGVKA,1,1,0.94
e-142,DLVTIKHVVLEGVKAQ,1,1,0.967
e-142,LVTIKHVVLEGVKAQP,1,1,0.996
e-142,VTIKHVVLEGVKAQPL,1,1,0.997
e-142,TIKHVVLEGVKAQPLT,1,1,0.999
e-142,IKHVVLEGVKAQPLTR,1,1,1
e-142,KHVVLEGVKAQPLTRT,1,1,1
e-142,HVVLEGVKAQPLTRTS,1,1,0.999
e-142,VVLEGVKAQPLTRTSA,1,1,0.999
e-142,VLEGVKAQPLTRTSAE,1,1,0.995
e-142,LEGVKAQPLTRTSAEQ,1,1,0.992
e-142,EGVKAQPLTRTSAEQW,1,1,0.989
e-142,GVKAQPLTRTSAEQWE,1,1,0.988
e-142,VKAQPLTRTSAEQWEA,1,1,0.966
e-143,EWRFDSRLAFHHVARE,1,1,1
e-143,WRFDSRLAFHHVAREL,1,1,1
e-143,RFDSRLAFHHVARELH,1,1,1
e-143,FDSRLAFHHVARELHP,1,1,1
e-143,DSRLAFHHVARELHPE,1,1,1
e-143,SRLAFHHVARELHPEY,1,1,1
e-143,RLAFHHVARELHPEYF,1,1,1
e-143,LAFHHVARELHPEYFK,1,1,1
e-143,AFHHVARELHPEYFKN,1,1,1
e-144,FFVRSIGSKGGKLAAG,1,0,0.326
e-144,FVRSIGSKGGKLAAGK,1,0,0.108
e-144,VRSIGSKGGKLAAGKY,1,0,0.08
e-144,RSIGSKGGKLAAGKYT,1,0,0.244
e-144,SIGSKGGKLAAGKYTD,1,0,0.385
e-144,IGSKGGKLAAGKYTDA,1,0,0.474
e-144,GSKGGKLAAGKYTDAV,1,1,0.71
e-144,SKGGKLAAGKYTDAVT,1,0,0.493
e-144,KGGKLAAGKYTDAVTV,1,0,0.322
e-145,FKGNESVSSSTLQEQM,1,1,1
e-145,KGNESVSSSTLQEQME,1,1,1
e-145,GNESVSSSTLQEQMEL,1,1,1
e-145,NESVSSSTLQEQMELQ,1,1,1
e-145,ESVSSSTLQEQMELQP,1,1,1
e-145,SVSSSTLQEQMELQPD,1,1,1
e-145,VSSSTLQEQMELQPDS,1,1,1
e-145,SSSTLQEQMELQPDSW,1,1,1
e-145,SSTLQEQMELQPDSWW,1,1,1
e-145,STLQEQMELQPDSWWK,1,1,1
e-145,TLQEQMELQPDSWWKL,1,1,1
e-145,LQEQMELQPDSWWKLW,1,1,1
e-145,QEQMELQPDSWWKLWG,1,1,1
e-145,EQMELQPDSWWKLWGN,1,1,1
e-145,QMELQPDSWWKLWGNK,1,1,0.999
e-146,FLLDADHNTFGSVIPA,1,1,0.857
e-146,LLDADHNTFGSVIPAT,1,1,0.966
e-146,LDADHNTFGSVIPATG,1,1,0.992
e-146,DADHNTFGSVIPATGP,1,1,0.999
e-146,ADHNTFGSVIPATGPL,1,1,0.999
e-146,DHNTFGSVIPATGPLF,1,1,0.999
e-146,HNTFGSVIPATGPLFT,1,1,1
e-146,NTFGSVIPATGPLFTG,1,1,1
e-146,TFGSVIPATGPLFTGT,1,1,0.999
e-146,FGSVIPATGPLFTGTA,1,1,0.999
e-146,GSVIPATGPLFTGTAS,1,1,0.998
e-146,SVIPATGPLFTGTASS,1,1,0.998
e-147,FPGSSTTSTGPCRTCM,1,1,1
e-147,PGSSTTSTGPCRTCMT,1,1,1
e-147,GSSTTSTGPCRTCMTT,1,1,1
e-147,SSTTSTGPCRTCMTTA,1,1,1
e-147,STTSTGPCRTCMTTAQ,1,1,1
e-147,TTSTGPCRTCMTTAQG,1,1,1
e-147,TSTGPCRTCMTTAQGT,1,1,1
e-147,STGPCRTCMTTAQGTS,1,1,1
e-147,TGPCRTCMTTAQGTSM,1,1,1
e-147,GPCRTCMTTAQGTSMY,1,1,1
e-147,PCRTCMTTAQGTSMYP,1,1,1
e-147,CRTCMTTAQGTSMYPS,1,1,1
e-147,RTCMTTAQGTSMYPSC,1,1,1
e-148,GAGAYVEVKFSQYGDN,1,1,0.974
e-148,AGAYVEVKFSQYGDNL,1,1,0.972
e-148,GAYVEVKFSQYGDNLH,1,1,0.986
e-148,AYVEVKFSQYGDNLHK,1,1,0.994
e-148,YVEVKFSQYGDNLHKV,1,1,0.998
e-148,VEVKFSQYGDNLHKVW,1,1,0.999
e-148,EVKFSQYGDNLHKVWQ,1,1,0.999
e-148,VKFSQYGDNLHKVWQA,1,1,0.998
e-148,KFSQYGDNLHKVWQAA,1,1,0.999
e-148,FSQYGDNLHKVWQAAC,1,1,0.997
e-149,GRFDDVKAHQEGDVLV,1,1,0.988
e-149,RFDDVKAHQEGDVLVV,1,1,0.996
e-149,FDDVKAHQEGDVLVVS,1,1,0.999
e-149,DDVKAHQEGDVLVVSV,1,1,1
e-149,DVKAHQEGDVLVVSVV,1,1,1
e-149,VKAHQEGDVLVVSVVA,1,1,1
e-149,KAHQEGDVLVVSVVAK,1,1,1
e-149,AHQEGDVLVVSVVAKS,1,1,1
e-149,HQEGDVLVVSVVAKSI,1,1,1
e-149,QEGDVLVVSVVAKSII,1,1,1
e-149,EGDVLVVSVVAKSIIS,1,1,1
e-149,GDVLVVSVVAKSIISD,1,1,1
e-149,DVLVVSVVAKSIISDV,1,1,1
e-149,VLVVSVVAKSIISDVK,1,1,1
e-149,LVVSVVAKSIISDVKI,1,1,1
e-149,VVSVVAKSIISDVKIK,1,1,1
e-149,VSVVAKSIISDVKIKG,1,1,0.994
e-149,SVVAKSIISDVKIKGN,1,1,0.924
e-150,HTFKTNGDYAWSHADD,1,1,0.996
e-150,TFKTNGDYAWSHADDW,1,1,0.998
e-150,FKTNGDYAWSHADDWQ,1,1,0.999
e-150,KTNGDYAWSHADDWQG,1,1,1
e-150,TNGDYAWSHADDWQGV,1,1,1
e-150,NGDYAWSHADDWQGVA,1,1,1
e-150,GDYAWSHADDWQGVAP,1,1,1
e-150,DYAWSHADDWQGVAPV,1,1,1
e-150,YAWSHADDWQGVAPVV,1,1,1
e-150,AWSHADDWQGVAPVVK,1,1,1
e-150,WSHADDWQGVAPVVKV,1,1,1
e-151,IPGSTTTSTGPCKTCT,1,1,1
e-151,PGSTTTSTGPCKTCTT,1,1,1
e-151,GSTTTSTGPCKTCTTP,1,1,1
e-151,STTTSTGPCKTCTTPA,1,1,1
e-151,TTTSTGPCKTCTTPAQ,1,1,1
e-151,TTSTGPCKTCTTPAQG,1,1,1
e-151,TSTGPCKTCTTPAQGN,1,1,1
e-151,STGPCKTCTTPAQGNS,1,1,1
e-151,TGPCKTCTTPAQGNSM,1,1,1
e-151,GPCKTCTTPAQGNSMF,1,1,1
e-151,PCKTCTTPAQGNSMFP,1,1,1
e-151,CKTCTTPAQGNSMFPS,1,1,1
e-151,KTCTTPAQGNSMFPSC,1,1,1
e-152,KLKHIVWASRELERFA,1,1,0.999
e-152,LKHIVWASRELERFAV,1,1,0.999
e-152,KHIVWASRELERFAVN,1,1,0.999
e-152,HIVWASRELERFAVNP,1,1,1
e-152,IVWASRELERFAVNPG,1,1,1
e-152,VWASRELERFAVNPGL,1,1,0.999
e-152,WASRELERFAVNPGLL,1,1,0.988
e-152,ASRELERFAVNPGLLE,1,1,0.95
e-153,KNCMACRYAHTRFTNF,1,1,0.536
e-153,NCMACRYAHTRFTNFI,1,1,0.655
e-153,CMACRYAHTRFTNFIV,1,1,0.639
e-153,MACRYAHTRFTNFIVD,1,1,0.776
e-153,ACRYAHTRFTNFIVDD,1,1,0.9
e-153,CRYAHTRFTNFIVDDR,1,1,0.96
e-153,RYAHTRFTNFIVDDRG,1,1,0.972
e-153,YAHTRFTNFIVDDRGR,1,1,0.976
e-153,AHTRFTNFIVDDRGRI,1,1,0.974
e-153,HTRFTNFIVDDRGRIH,1,1,0.983
e-153,TRFTNFIVDDRGRIHR,1,1,0.995
e-153,RFTNFIVDDRGRIHRW,1,1,0.998
e-153,FTNFIVDDRGRIHRWK,1,1,0.999
e-153,TNFIVDDRGRIHRWKS,1,1,0.999
e-153,NFIVDDRGRIHRWKSP,1,1,0.999
e-153,FIVDDRGRIHRWKSPI,1,1,0.999
e-153,IVDDRGRIHRWKSPIV,1,1,0.997
e-153,VDDRGRIHRWKSPIVV,1,1,0.995
e-153,DDRGRIHRWKSPIVVE,1,1,0.99
e-153,DRGRIHRWKSPIVVEK,1,1,0.986
e-153,RGRIHRWKSPIVVEKL,1,1,0.944
e-153,GRIHRWKSPIVVEKLG,1,1,0.935
e-153,RIHRWKSPIVVEKLGK,1,1,0.859
e-153,IHRWKSPIVVEKLGKA,1,1,0.808
e-153,HRWKSPIVVEKLGKAE,1,1,0.754
e-154,KYVKQEVEQNPPAAQK,1,1,1
e-154,YVKQEVEQNPPAAQKV,1,1,1
e-154,VKQEVEQNPPAAQKVF,1,1,1
e-154,KQEVEQNPPAAQKVFK,1,1,1
e-154,QEVEQNPPAAQKVFKD,1,1,1
e-154,EVEQNPPAAQKVFKDE,1,1,1
e-154,VEQNPPAAQKVFKDEK,1,1,1
e-155,LEESQVNDDIFNSLVK,1,1,0.993
e-155,EESQVNDDIFNSLVKS,1,1,0.991
e-155,ESQVNDDIFNSLVKSV,1,1,0.961
e-155,SQVNDDIFNSLVKSVQ,1,1,0.98
e-155,QVNDDIFNSLVKSVQQ,1,1,0.995
e-155,VNDDIFNSLVKSVQQE,1,1,0.999
e-155,NDDIFNSLVKSVQQEQ,1,1,1
e-155,DDIFNSLVKSVQQEQQ,1,1,1
e-155,DIFNSLVKSVQQEQQH,1,1,0.999
e-155,IFNSLVKSVQQEQQHN,1,1,1
e-155,FNSLVKSVQQEQQHNV,1,1,1
e-156,LKQLVAQWDRKLSVTP,1,1,0.978
e-156,KQLVAQWDRKLSVTPP,1,1,0.993
e-156,QLVAQWDRKLSVTPPP,1,1,1
e-156,LVAQWDRKLSVTPPPK,1,1,1
e-156,VAQWDRKLSVTPPPKP,1,1,1
e-156,AQWDRKLSVTPPPKPV,1,1,1
e-156,QWDRKLSVTPPPKPVG,1,1,1
e-156,WDRKLSVTPPPKPVGP,1,1,1
e-156,DRKLSVTPPPKPVGPV,1,1,1
e-156,RKLSVTPPPKPVGPVL,1,1,1
e-156,KLSVTPPPKPVGPVLD,1,1,1
e-157,LRRLLYMIYMSGLAVR,1,0,0.006
e-157,RRLLYMIYMSGLAVRV,1,0,0.078
e-157,RLLYMIYMSGLAVRVH,1,0,0.378
e-157,LLYMIYMSGLAVRVHV,1,1,0.777
e-157,LYMIYMSGLAVRVHVS,1,1,0.956
e-157,YMIYMSGLAVRVHVSK,1,1,0.986
e-157,MIYMSGLAVRVHVSKE,1,1,0.995
e-157,IYMSGLAVRVHVSKEE,1,1,0.998
e-157,YMSGLAVRVHVSKEEQ,1,1,0.999
e-157,MSGLAVRVHVSKEEQY,1,1,0.999
e-157,SGLAVRVHVSKEEQYY,1,1,1
e-157,GLAVRVHVSKEEQYYD,1,1,1
e-157,LAVRVHVSKEEQYYDY,1,1,1
e-158,LYSANFEYLIPANADP,1,1,0.86
e-158,YSANFEYLIPANADPV,1,1,0.974
e-158,SANFEYLIPANADPVV,1,1,0.993
e-158,ANFEYLIPANADPVVT,1,1,0.997
e-158,NFEYLIPANADPVVTT,1,1,0.999
e-158,FEYLIPANADPVVTTQ,1,1,1
e-158,EYLIPANADPVVTTQN,1,1,1
e-158,YLIPANADPVVTTQNI,1,1,1
e-158,LIPANADPVVTTQNII,1,1,1
e-158,IPANADPVVTTQNIIV,1,1,1
e-158,PANADPVVTTQNIIVT,1,1,1
e-158,ANADPVVTTQNIIVTG,1,1,0.999
e-159,NAGYAGGKFKHPFSSF,1,1,0.992
e-159,AGYAGGKFKHPFSSFD,1,1,0.991
e-159,GYAGGKFKHPFSSFDK,1,1,0.989
e-159,YAGGKFKHPFSSFDKE,1,1,0.971
e-159,AGGKFKHPFSSFDKED,1,1,0.989
e-159,GGKFKHPFSSFDKEDG,1,1,0.997
e-159,GKFKHPFSSFDKEDGE,1,1,0.999
e-159,KFKHPFSSFDKEDGEH,1,1,1
e-159,FKHPFSSFDKEDGEHV,1,1,1
e-159,KHPFSSFDKEDGEHVS,1,1,1
e-159,HPFSSFDKEDGEHVSG,1,1,1
e-159,PFSSFDKEDGEHVSGS,1,1,1
e-159,FSSFDKEDGEHVSGSP,1,1,1
e-159,SSFDKEDGEHVSGSPD,1,1,1
e-159,SFDKEDGEHVSGSPDV,1,1,1
e-159,FDKEDGEHVSGSPDVT,1,1,1
e-159,DKEDGEHVSGSPDVTA,1,1,1
e-159,KEDGEHVSGSPDVTAG,1,1,0.997
e-159,EDGEHVSGSPDVTAGG,1,1,0.996
e-159,DGEHVSGSPDVTAGGF,1,1,0.981
e-159,GEHVSGSPDVTAGGFV,1,1,0.988
e-160,NGKDDVKEEKKTNEKK,1,1,1
e-160,GKDDVKEEKKTNEKKD,1,1,1
e-160,KDDVKEEKKTNEKKDD,1,1,1
e-160,DDVKEEKKTNEKKDDG,1,1,1
e-160,DVKEEKKTNEKKDDGK,1,1,1
e-160,VKEEKKTNEKKDDGKT,1,1,1
e-160,KEEKKTNEKKDDGKTD,1,1,1
e-160,EEKKTNEKKDDGKTDK,1,1,1
e-160,EKKTNEKKDDGKTDKV,1,1,1
e-160,KKTNEKKDDGKTDKVQ,1,1,1
e-160,KTNEKKDDGKTDKVQE,1,1,1
e-160,TNEKKDDGKTDKVQEK,1,1,1
e-160,NEKKDDGKTDKVQEKV,1,1,1
e-160,EKKDDGKTDKVQEKVL,1,1,1
e-160,KKDDGKTDKVQEKVLE,1,1,1
e-160,KDDGKTDKVQEKVLEK,1,1,1
e-160,DDGKTDKVQEKVLEKS,1,1,0.995
e-160,DGKTDKVQEKVLEKSP,1,1,0.949
e-160,GKTDKVQEKVLEKSPK,1,1,0.841
e-160,KTDKVQEKVLEKSPKE,1,1,0.895
e-160,TDKVQEKVLEKSPKEF,1,1,0.877
e-161,NGKDDVKEEKKTNEKK,1,1,1
e-161,GKDDVKEEKKTNEKKD,1,1,1
e-161,KDDVKEEKKTNEKKDD,1,1,1
e-161,DDVKEEKKTNEKKDDG,1,1,1
e-161,DVKEEKKTNEKKDDGK,1,1,1
e-161,VKEEKKTNEKKDDGKT,1,1,1
e-161,KEEKKTNEKKDDGKTD,1,1,1
e-161,EEKKTNEKKDDGKTDQ,1,1,1
e-161,EKKTNEKKDDGKTDQE,1,1,1
e-161,KKTNEKKDDGKTDQEK,1,1,1
e-161,KTNEKKDDGKTDQEKV,1,1,1
e-161,TNEKKDDGKTDQEKVL,1,1,1
e-161,NEKKDDGKTDQEKVLE,1,1,1
e-161,EKKDDGKTDQEKVLEK,1,1,1
e-161,KKDDGKTDQEKVLEKS,1,1,1
e-161,KDDGKTDQEKVLEKSP,1,1,0.999
e-161,DDGKTDQEKVLEKSPK,1,1,0.988
e-161,DGKTDQEKVLEKSPKE,1,1,0.964
e-161,GKTDQEKVLEKSPKEF,1,1,0.878
e-162,NNRAEILIQINEDDKA,1,1,0.958
e-162,NRAEILIQINEDDKAK,1,1,0.981
e-162,RAEILIQINEDDKAKL,1,1,0.994
e-162,AEILIQINEDDKAKLA,1,1,0.999
e-162,EILIQINEDDKAKLAS,1,1,0.999
e-162,ILIQINEDDKAKLASL,1,1,0.997
e-162,LIQINEDDKAKLASLT,1,1,0.997
e-162,IQINEDDKAKLASLTF,1,1,0.998
e-162,QINEDDKAKLASLTFK,1,1,0.994
e-162,INEDDKAKLASLTFKG,1,1,0.974
e-162,NEDDKAKLASLTFKGN,1,1,0.896
e-162,EDDKAKLASLTFKGNE,1,1,0.693
e-162,DDKAKLASLTFKGNES,1,0,0.397
e-162,DKAKLASLTFKGNESV,1,0,0.134
e-162,KAKLASLTFKGNESVS,1,0,0.108
e-162,AKLASLTFKGNESVSS,1,0,0.239
e-163,NPPIPVGRIYKRWIIL,1,1,1
e-163,PPIPVGRIYKRWIILG,1,1,1
e-163,PIPVGRIYKRWIILGL,1,1,1
e-163,IPVGRIYKRWIILGLN,1,1,1
e-163,PVGRIYKRWIILGLNK,1,1,1
e-163,VGRIYKRWIILGLNKI,1,1,1
e-163,GRIYKRWIILGLNKIV,1,1,1
e-163,RIYKRWIILGLNKIVR,1,1,1
e-163,IYKRWIILGLNKIVRM,1,1,1
e-163,YKRWIILGLNKIVRMY,1,1,1
e-163,KRWIILGLNKIVRMYS,1,1,0.999
e-163,RWIILGLNKIVRMYSP,1,1,0.999
e-163,WIILGLNKIVRMYSPT,1,1,0.999
e-163,IILGLNKIVRMYSPTS,1,1,0.998
e-163,ILGLNKIVRMYSPTSI,1,1,0.999
e-163,LGLNKIVRMYSPTSIL,1,1,0.999
e-163,GLNKIVRMYSPTSILD,1,1,1
e-164,PNFVDSQPNPQEPVEP,1,1,1
e-164,NFVDSQPNPQEPVEPS,1,1,1
e-164,FVDSQPNPQEPVEPSF,1,1,1
e-164,VDSQPNPQEPVEPSFV,1,1,1
e-164,DSQPNPQEPVEPSFVK,1,1,1
e-164,SQPNPQEPVEPSFVKI,1,1,1
e-164,QPNPQEPVEPSFVKIE,1,1,1
e-164,PNPQEPVEPSFVKIEK,1,1,1
e-164,NPQEPVEPSFVKIEKV,1,1,1
e-164,PQEPVEPSFVKIEKVP,1,1,1
e-164,QEPVEPSFVKIEKVPS,1,1,0.995
e-164,EPVEPSFVKIEKVPSE,1,1,0.987
e-164,PVEPSFVKIEKVPSEE,1,1,0.985
e-164,VEPSFVKIEKVPSEEN,1,1,0.974
e-165,PPDQLVNLHDFRSDEI,1,1,0.985
e-165,PDQLVNLHDFRSDEIE,1,1,0.994
e-165,DQLVNLHDFRSDEIEH,1,1,0.997
e-165,QLVNLHDFRSDEIEHL,1,1,0.998
e-165,LVNLHDFRSDEIEHLV,1,1,0.999
e-165,VNLHDFRSDEIEHLVV,1,1,0.999
e-165,NLHDFRSDEIEHLVVE,1,1,0.999
e-165,LHDFRSDEIEHLVVEE,1,1,0.999
e-166,PVRAGQRVTDNDVANI,1,1,0.993
e-166,VRAGQRVTDNDVANIV,1,1,0.958
e-166,RAGQRVTDNDVANIVR,1,1,0.97
e-166,AGQRVTDNDVANIVRS,1,1,0.983
e-166,GQRVTDNDVANIVRSL,1,1,0.973
e-166,QRVTDNDVANIVRSLF,1,1,0.982
e-166,RVTDNDVANIVRSLFV,1,1,0.983
e-166,VTDNDVANIVRSLFVS,1,1,0.981
e-166,TDNDVANIVRSLFVSG,1,1,0.89
e-166,DNDVANIVRSLFVSGR,1,1,0.544
e-166,NDVANIVRSLFVSGRF,1,0,0.332
e-166,DVANIVRSLFVSGRFD,1,0,0.233
e-166,VANIVRSLFVSGRFDD,1,0,0.308
e-166,ANIVRSLFVSGRFDDV,1,0,0.246
e-166,NIVRSLFVSGRFDDVK,1,0,0.294
e-167,QDITCARPHGASEESQ,1,1,1
e-167,DITCARPHGASEESQS,1,1,1
e-167,ITCARPHGASEESQSV,1,1,1
e-167,TCARPHGASEESQSVT,1,1,1
e-167,CARPHGASEESQSVTF,1,1,1
e-167,ARPHGASEESQSVTFN,1,1,1
e-167,RPHGASEESQSVTFNK,1,1,1
e-167,PHGASEESQSVTFNKP,1,1,1
e-167,HGASEESQSVTFNKPS,1,1,1
e-167,GASEESQSVTFNKPSQ,1,1,1
e-167,ASEESQSVTFNKPSQC,1,1,1
e-167,SEESQSVTFNKPSQCR,1,1,0.999
e-167,EESQSVTFNKPSQCRE,1,1,0.996
e-167,ESQSVTFNKPSQCREA,1,1,0.972
e-168,QESGHKAVHSALLAEG,1,0,0.13
e-168,ESGHKAVHSALLAEGP,1,0,0.151
e-168,SGHKAVHSALLAEGPN,1,0,0.12
e-168,GHKAVHSALLAEGPNN,1,0,0.254
e-168,HKAVHSALLAEGPNNE,1,1,0.557
e-168,KAVHSALLAEGPNNEQ,1,1,0.792
e-168,AVHSALLAEGPNNEQV,1,1,0.973
e-168,VHSALLAEGPNNEQVQ,1,1,0.997
e-168,HSALLAEGPNNEQVQV,1,1,1
e-168,SALLAEGPNNEQVQVV,1,1,1
e-168,ALLAEGPNNEQVQVVA,1,1,1
e-168,LLAEGPNNEQVQVVAG,1,1,1
e-168,LAEGPNNEQVQVVAGE,1,1,1
e-168,AEGPNNEQVQVVAGEQ,1,1,1
e-168,EGPNNEQVQVVAGEQL,1,1,1
e-168,GPNNEQVQVVAGEQLK,1,1,0.999
e-168,PNNEQVQVVAGEQLKL,1,1,0.997
e-169,RKKRRQRRRPPQGSQT,1,1,1
e-169,KKRRQRRRPPQGSQTH,1,1,1
e-169,KRRQRRRPPQGSQTHQ,1,1,1
e-169,RRQRRRPPQGSQTHQV,1,1,1
e-169,RQRRRPPQGSQTHQVS,1,1,1
e-169,QRRRPPQGSQTHQVSL,1,1,0.999
e-169,RRRPPQGSQTHQVSLS,1,1,0.999
e-169,RRPPQGSQTHQVSLSK,1,1,0.999
e-169,RPPQGSQTHQVSLSKQ,1,1,0.999
e-169,PPQGSQTHQVSLSKQP,1,1,1
e-169,PQGSQTHQVSLSKQPT,1,1,1
e-169,QGSQTHQVSLSKQPTS,1,1,1
e-169,GSQTHQVSLSKQPTSQ,1,1,1
e-169,SQTHQVSLSKQPTSQS,1,1,1
e-169,QTHQVSLSKQPTSQSR,1,1,1
e-169,THQVSLSKQPTSQSRG,1,1,1
e-169,HQVSLSKQPTSQSRGD,1,1,0.999
e-169,QVSLSKQPTSQSRGDP,1,1,1
e-169,VSLSKQPTSQSRGDPT,1,1,0.999
e-169,SLSKQPTSQSRGDPTG,1,1,1
e-169,LSKQPTSQSRGDPTGP,1,1,1
e-169,SKQPTSQSRGDPTGPK,1,1,1
e-169,KQPTSQSRGDPTGPKE,1,1,1
e-170,RYDDFTFEAGKKYTFT,1,1,1
e-170,YDDFTFEAGKKYTFTM,1,1,1
e-170,DDFTFEAGKKYTFTMR,1,1,0.999
e-170,DFTFEAGKKYTFTMRR,1,1,1
e-170,FTFEAGKKYTFTMRRA,1,1,1
e-170,TFEAGKKYTFTMRRAG,1,1,1
e-170,FEAGKKYTFTMRRAGM,1,1,1
e-170,EAGKKYTFTMRRAGMG,1,1,1
e-170,AGKKYTFTMRRAGMGD,1,1,1
e-170,GKKYTFTMRRAGMGDG,1,1,1
e-170,KKYTFTMRRAGMGDGT,1,1,1
e-170,KYTFTMRRAGMGDGTD,1,1,1
e-171,SAEKKDEKEASEQGEE,1,1,1
e-171,AEKKDEKEASEQGEES,1,1,1
e-171,EKKDEKEASEQGEESH,1,1,1
e-171,KKDEKEASEQGEESHK,1,1,1
e-171,KDEKEASEQGEESHKK,1,1,1
e-171,DEKEASEQGEESHKKE,1,1,1
e-171,EKEASEQGEESHKKEN,1,1,1
e-171,KEASEQGEESHKKENS,1,1,1
e-171,EASEQGEESHKKENSQ,1,1,1
e-171,ASEQGEESHKKENSQE,1,1,1
e-171,SEQGEESHKKENSQES,1,1,1
e-171,EQGEESHKKENSQESA,1,1,1
e-172,SDVKIKGNSVIPTEAL,1,1,0.621
e-172,DVKIKGNSVIPTEALK,1,1,0.89
e-172,VKIKGNSVIPTEALKQ,1,1,0.963
e-172,KIKGNSVIPTEALKQN,1,1,0.985
e-172,IKGNSVIPTEALKQNL,1,1,0.99
e-172,KGNSVIPTEALKQNLD,1,1,0.997
e-172,GNSVIPTEALKQNLDA,1,1,0.997
e-172,NSVIPTEALKQNLDAN,1,1,0.999
e-172,SVIPTEALKQNLDANG,1,1,0.998
e-172,VIPTEALKQNLDANGF,1,1,0.991
e-172,IPTEALKQNLDANGFK,1,1,0.984
e-172,PTEALKQNLDANGFKV,1,1,0.974
e-172,TEALKQNLDANGFKVG,1,1,0.907
e-172,EALKQNLDANGFKVGD,1,1,0.77
e-172,ALKQNLDANGFKVGDV,1,0,0.455
e-173,SGDNTSIYYGGLVSPA,1,1,0.87
e-173,GDNTSIYYGGLVSPAI,1,1,0.61
e-173,DNTSIYYGGLVSPAIR,1,0,0.407
e-173,NTSIYYGGLVSPAIRA,1,0,0.315
e-173,TSIYYGGLVSPAIRAG,1,0,0.239
e-173,SIYYGGLVSPAIRAGK,1,0,0.234
e-173,IYYGGLVSPAIRAGKD,1,0,0.233
e-173,YYGGLVSPAIRAGKDA,1,0,0.184
e-173,YGGLVSPAIRAGKDAA,1,0,0.061
e-173,GGLVSPAIRAGKDAAS,1,0,0.18
e-174,SKNVPVQVKDQQGEVV,1,1,0.998
e-174,KNVPVQVKDQQGEVVR,1,1,1
e-174,NVPVQVKDQQGEVVRE,1,1,1
e-174,VPVQVKDQQGEVVREY,1,1,1
e-174,PVQVKDQQGEVVREYE,1,1,1
e-174,VQVKDQQGEVVREYEV,1,1,1
e-174,QVKDQQGEVVREYEVE,1,1,1
e-174,VKDQQGEVVREYEVEK,1,1,1
e-174,KDQQGEVVREYEVEKL,1,1,1
e-174,DQQGEVVREYEVEKLG,1,1,1
e-174,QQGEVVREYEVEKLGN,1,1,1
e-174,QGEVVREYEVEKLGNN,1,1,1
e-174,GEVVREYEVEKLGNNV,1,1,1
e-174,EVVREYEVEKLGNNVH,1,1,1
e-174,VVREYEVEKLGNNVHV,1,1,0.999
e-175,SSFHCCGAKGPDDYRG,1,1,1
e-175,SFHCCGAKGPDDYRGN,1,1,1
e-175,FHCCGAKGPDDYRGNV,1,1,1
e-175,HCCGAKGPDDYRGNVP,1,1,1
e-175,CCGAKGPDDYRGNVPA,1,1,1
e-175,CGAKGPDDYRGNVPAS,1,1,1
e-175,GAKGPDDYRGNVPASC,1,1,1
e-175,AKGPDDYRGNVPASCK,1,1,1
e-176,SVHQRIDVKDTKEALE,1,1,0.916
e-176,VHQRIDVKDTKEALEK,1,1,0.947
e-176,HQRIDVKDTKEALEKI,1,1,0.971
e-176,QRIDVKDTKEALEKIE,1,1,0.975
e-176,RIDVKDTKEALEKIEE,1,1,0.994
e-176,IDVKDTKEALEKIEEE,1,1,1
e-176,DVKDTKEALEKIEEEQ,1,1,1
e-176,VKDTKEALEKIEEEQN,1,1,1
e-176,KDTKEALEKIEEEQNK,1,1,1
e-176,DTKEALEKIEEEQNKS,1,1,1
e-176,TKEALEKIEEEQNKSK,1,1,1
e-176,KEALEKIEEEQNKSKK,1,1,1
e-176,EALEKIEEEQNKSKKK,1,1,1
e-176,ALEKIEEEQNKSKKKA,1,1,1
e-177,TGHSSQVSQNYPIVQN,1,1,1
e-177,GHSSQVSQNYPIVQNI,1,1,1
e-177,HSSQVSQNYPIVQNIQ,1,1,1
e-177,SSQVSQNYPIVQNIQG,1,1,1
e-177,SQVSQNYPIVQNIQGQ,1,1,1
e-177,QVSQNYPIVQNIQGQM,1,1,1
e-177,VSQNYPIVQNIQGQMV,1,1,1
e-177,SQNYPIVQNIQGQMVH,1,1,1
e-177,QNYPIVQNIQGQMVHQ,1,1,1
e-177,NYPIVQNIQGQMVHQA,1,1,1
e-177,YPIVQNIQGQMVHQAI,1,1,1
e-177,PIVQNIQGQMVHQAIS,1,1,1
e-177,IVQNIQGQMVHQAISP,1,1,1
e-178,TKAGWTLGAGAEYAIN,1,0,0.423
e-178,KAGWTLGAGAEYAINN,1,1,0.784
e-178,AGWTLGAGAEYAINNN,1,1,0.958
e-178,GWTLGAGAEYAINNNW,1,1,0.973
e-178,WTLGAGAEYAINNNWT,1,1,0.996
e-178,TLGAGAEYAINNNWTL,1,1,1
e-178,LGAGAEYAINNNWTLK,1,1,1
e-178,GAGAEYAINNNWTLKS,1,1,1
e-178,AGAEYAINNNWTLKSE,1,1,1
e-178,GAEYAINNNWTLKSEY,1,1,1
e-178,AEYAINNNWTLKSEYL,1,1,1
e-178,EYAINNNWTLKSEYLY,1,1,1
e-178,YAINNNWTLKSEYLYT,1,1,1
e-178,AINNNWTLKSEYLYTD,1,1,1
e-178,INNNWTLKSEYLYTDL,1,1,1
e-178,NNNWTLKSEYLYTDLG,1,1,1
e-178,NNWTLKSEYLYTDLGK,1,1,0.998
e-178,NWTLKSEYLYTDLGKR,1,1,0.969
e-178,WTLKSEYLYTDLGKRN,1,1,0.862
e-178,TLKSEYLYTDLGKRNL,1,1,0.609
e-178,LKSEYLYTDLGKRNLV,1,0,0.365
e-178,KSEYLYTDLGKRNLVD,1,0,0.23
e-178,SEYLYTDLGKRNLVDV,1,0,0.115
e-178,EYLYTDLGKRNLVDVD,1,0,0.063
e-178,YLYTDLGKRNLVDVDN,1,0,0.087
e-179,TSNEALSVVDPFEFAE,1,1,0.958
e-179,SNEALSVVDPFEFAEL,1,1,0.971
e-179,NEALSVVDPFEFAELK,1,1,0.979
e-179,EALSVVDPFEFAELKR,1,1,0.984
e-179,ALSVVDPFEFAELKRP,1,1,0.983
e-179,LSVVDPFEFAELKRPR,1,1,0.999
e-179,SVVDPFEFAELKRPRF,1,1,0.999
e-179,VVDPFEFAELKRPRFS,1,1,0.994
e-179,VDPFEFAELKRPRFSA,1,1,0.989
e-179,DPFEFAELKRPRFSAQ,1,1,0.963
e-179,PFEFAELKRPRFSAQA,1,1,0.929
e-179,FEFAELKRPRFSAQAL,1,0,0.496
e-179,EFAELKRPRFSAQALI,1,0,0.124
e-180,VAPGIVIPPKALFTQQ,1,1,0.99
e-180,APGIVIPPKALFTQQG,1,1,0.998
e-180,PGIVIPPKALFTQQGG,1,1,0.999
e-180,GIVIPPKALFTQQGGA,1,1,1
e-180,IVIPPKALFTQQGGAY,1,1,1
e-180,VIPPKALFTQQGGAYG,1,1,0.999
e-180,IPPKALFTQQGGAYGR,1,1,0.999
e-180,PPKALFTQQGGAYGRC,1,1,0.998
e-181,VESVAPSVEESVAPSV,1,1,1
e-181,ESVAPSVEESVAPSVE,1,1,1
e-181,SVAPSVEESVAPSVEE,1,1,1
e-181,VAPSVEESVAPSVEES,1,1,1
e-181,APSVEESVAPSVEESV,1,1,1
e-181,PSVEESVAPSVEESVA,1,1,1
e-181,SVEESVAPSVEESVAE,1,1,1
e-181,VEESVAPSVEESVAEN,1,1,1
e-181,EESVAPSVEESVAENV,1,1,1
e-181,ESVAPSVEESVAENVE,1,1,1
e-181,SVAPSVEESVAENVEE,1,1,1
e-181,VAPSVEESVAENVEES,1,1,1
e-181,APSVEESVAENVEESV,1,1,1
e-182,VGFPVTPQVPLRMTYK,1,1,1
e-182,GFPVTPQVPLRMTYKA,1,1,1
e-182,FPVTPQVPLRMTYKAA,1,1,1
e-182,PVTPQVPLRMTYKAAV,1,1,1
e-182,VTPQVPLRMTYKAAVD,1,1,1
e-182,TPQVPLRMTYKAAVDL,1,1,0.999
e-182,PQVPLRMTYKAAVDLS,1,1,0.999
e-182,QVPLRMTYKAAVDLSH,1,1,0.998
e-182,VPLRMTYKAAVDLSHF,1,1,0.998
e-182,PLRMTYKAAVDLSHFL,1,1,0.996
e-182,LRMTYKAAVDLSHFLK,1,1,0.993
e-182,RMTYKAAVDLSHFLKE,1,1,0.996
e-182,MTYKAAVDLSHFLKEK,1,1,0.997
e-182,TYKAAVDLSHFLKEKG,1,1,0.999
e-182,YKAAVDLSHFLKEKGG,1,1,1
e-182,KAAVDLSHFLKEKGGL,1,1,1
e-183,VKEHYASVGRYNATVE,1,1,0.941
e-183,KEHYASVGRYNATVEP,1,1,0.95
e-183,EHYASVGRYNATVEPI,1,1,0.966
e-183,HYASVGRYNATVEPIV,1,1,0.99
e-183,YASVGRYNATVEPIVN,1,1,0.996
e-183,ASVGRYNATVEPIVNT,1,1,0.998
e-183,SVGRYNATVEPIVNTL,1,1,0.999
e-183,VGRYNATVEPIVNTLP,1,1,1
e-183,GRYNATVEPIVNTLPN,1,1,1
e-183,RYNATVEPIVNTLPNN,1,1,1
e-183,YNATVEPIVNTLPNNR,1,1,1
e-183,NATVEPIVNTLPNNRA,1,1,1
e-183,ATVEPIVNTLPNNRAE,1,1,0.999
e-183,TVEPIVNTLPNNRAEI,1,1,0.999
e-183,VEPIVNTLPNNRAEIL,1,1,0.998
e-184,YCVHQRIEIKDTKEAL,1,1,0.957
e-184,CVHQRIEIKDTKEALD,1,1,0.989
e-184,VHQRIEIKDTKEALDK,1,1,0.997
e-184,HQRIEIKDTKEALDKI,1,1,0.999
e-184,QRIEIKDTKEALDKIE,1,1,1
e-184,RIEIKDTKEALDKIEE,1,1,1
e-184,IEIKDTKEALDKIEEE,1,1,1
e-184,EIKDTKEALDKIEEEQ,1,1,1
e-184,IKDTKEALDKIEEEQN,1,1,1
e-184,KDTKEALDKIEEEQNK,1,1,1
e-184,DTKEALDKIEEEQNKS,1,1,1
e-184,TKEALDKIEEEQNKSK,1,1,1
e-184,KEALDKIEEEQNKSKK,1,1,1
e-184,EALDKIEEEQNKSKKK,1,1,1
e-184,ALDKIEEEQNKSKKKA,1,1,1
e-185,YIAGDPALAYGYAQDQ,1,1,0.898
e-185,IAGDPALAYGYAQDQE,1,1,0.925
e-185,AGDPALAYGYAQDQEP,1,1,0.989
e-185,GDPALAYGYAQDQEPD,1,1,0.999
e-185,DPALAYGYAQDQEPDA,1,1,0.999
e-185,PALAYGYAQDQEPDAG,1,1,1
e-185,ALAYGYAQDQEPDAGY,1,1,1
e-185,LAYGYAQDQEPDAGYA,1,1,1
e-186,YREQIKRVKDSDDVPM,1,1,1
e-186,REQIKRVKDSDDVPMV,1,1,1
e-186,EQIKRVKDSDDVPMVL,1,1,1
e-186,QIKRVKDSDDVPMVLV,1,1,1
e-186,IKRVKDSDDVPMVLVG,1,1,1
e-186,KRVKDSDDVPMVLVGN,1,1,1
e-186,RVKDSDDVPMVLVGNK,1,1,0.998
e-186,VKDSDDVPMVLVGNKC,1,1,0.994
e-187,YSVHQRIDVKDTKEAL,1,1,0.758
e-187,SVHQRIDVKDTKEALE,1,1,0.916
e-187,VHQRIDVKDTKEALEK,1,1,0.947
e-187,HQRIDVKDTKEALEKI,1,1,0.971
e-187,QRIDVKDTKEALEKIE,1,1,0.975
e-187,RIDVKDTKEALEKIEE,1,1,0.994
e-187,IDVKDTKEALEKIEEE,1,1,1
e-187,DVKDTKEALEKIEEEQ,1,1,1
e-187,VKDTKEALEKIEEEQN,1,1,1
e-187,KDTKEALEKIEEEQNK,1,1,1
e-187,DTKEALEKIEEEQNKS,1,1,1
e-187,TKEALEKIEEEQNKSK,1,1,1
e-187,KEALEKIEEEQNKSKK,1,1,1
e-187,EALEKIEEEQNKSKKK,1,1,1
e-187,ALEKIEEEQNKSKKKA,1,1,1
e-188,FGTTAVITKISLTGLG,0,0,0.016
e-189,RTGTYRQLFHPEQLIS,0,1,0.789
e-190,ASHKVFIHLQSQNAVN,0,0,0.287
e-191,KPSNCSGSQFKDGKVY,0,1,0.966
e-192,RDLGTRGNRQKTRMMW,0,1,0.886
e-193,LPNVREDKKLVHSQNK,0,1,0.96
e-194,GQGRGSARSALVVGLA,0,0,0.009
e-195,AVWFKAGSQIFSEGGL,0,0,0.138
e-196,MIEAKRGEDLLKAEEL,0,0,0.063
e-197,KIKDKMSGQHEDKKND,0,1,0.899
e-198,QRAANNPNRNPNRASS,0,1,1
e-199,VWPGPVYFPDFLKPSA,0,1,0.993
e-200,KSERFTYLVAAIMSSF,0,0,0.019
e-201,LLFSLAPVLGYFEYLQ,0,0,0.002
e-202,QSWKYSIPLFFTTQGF,0,1,0.661
e-203,GSRLPNFTEEQSKSLN,0,1,0.784
e-204,DRVFVDHPLFLEKVWG,0,1,0.691
e-205,HYPLATKHSGVGTTAS,0,0,0.19
e-206,FVIQTLENCGYSNDNY,0,1,0.548
e-207,GQISEILNKGTTSCGS,0,1,0.773
e-208,EHVIKVNKAEAXYWRK,0,0,0.349
e-209,VNGFQYFNLVLVTNVA,0,1,0.734
e-210,TFSVGNFLRVISLHGN,0,0,0.005
e-211,CDERNEMILIYEYMEN,0,0,0.236
e-212,DLALILKDKFDLLTTF,0,0,0
e-213,TLRDPRGFAVKFYTRE,0,1,0.852
e-214,VQSDFLAQGFGSLGLM,0,0,0.022
e-215,SGGGHIHAGTVVGKLE,0,0,0.307
e-216,NCDCADSTQCVKKGNS,0,1,0.642
e-217,LHTNVFTQGKGNREQQ,0,0,0.487
e-218,CQVLVAVFHKWNLSVP,0,1,0.507
e-220,NSLAPKLEAKLKISWP,0,1,0.639
e-221,KELREEAENMQPVPVE,0,1,0.998
e-222,LVQLQSFSNGFGLKLK,0,0,0.002
e-223,GTAAAVAVAALVMRHR,0,0,0
e-224,EIYAATVFSSPTFTCI,0,1,0.857
e-225,ADTMKDKAQAAKDKAS,0,1,0.953
e-226,SGSSRKKSLYRIKYIL,0,1,0.675
e-227,HGHVVEACKNSLKKLQ,0,0,0.199
e-228,RHLCYLQAAIKKGSKV,0,1,0.648
e-229,PNASTHLSLWKADLAE,0,0,0.386
e-230,SAGRQDSAEERSQNRN,0,1,0.971
e-231,DCFVYGCDASVLVEGD,0,0,0.032
e-232,KARYDEIVKEVSSYLK,0,1,0.965
e-233,SAPRTEDCVGCKRCES,0,1,0.931
e-234,ADNVPDMQKRETLNLL,0,0,0.142
e-235,GRNIEAYIDDLIVKSK,0,0,0.037
e-236,LVDNTPIRVYKNAESV,0,1,0.665
e-237,ASKQEAYAKFKKDVTN,0,1,0.965
e-238,VVANNGENATAFRDPT,0,1,0.996
e-239,ASLVLYRKILDEIEAN,0,0,0.027
e-240,EDAVEQDVVGELTKSV,0,0,0.042
e-241,TFSGKLCKVDVSGDII,0,0,0.37
e-242,LELTHNWGTESDPNFT,0,1,0.831
e-243,PFKLFYTFYLKGIPGL,0,1,0.816
e-244,NGWTALHWAASYGRER,0,1,0.911
e-245,ASGGVASVYHVGPNGW,0,1,0.985
e-246,PSNPLGTTLTRNELEL,0,1,0.984
e-247,ILSSIEQKEESRGNEQ,0,1,0.974
e-248,LTVIVRMNSMSSNGWI,0,0,0.454
e-249,KIRALVSAHRDRDRQK,0,0,0.109
e-250,LVTGFHFSVSERFVPG,0,0,0.033
e-251,KPENVLVREDGHIMLS,0,1,0.575
e-252,NDKWVCEMREPNNKKS,0,1,0.811
e-253,SPRPLQYFTIHGLWPS,0,0,0.35
e-254,KTLTGKTITLEVESSD,0,1,0.917
e-255,HGVLPTAHTPLGGAAA,0,1,0.979
e-256,VAWEAGKPLVMEEVDV,0,0,0.169
e-257,DSSESELSDEEEHLEG,0,1,1
e-258,MRKAVAKSAPSSSPWX,0,1,0.999
e-259,GAGGGLGXRRRWWIPP,0,1,1
e-260,SAIEGDAFVFAAPVDI,0,0,0.095
e-261,GSISPLEDPVLIGLAK,0,0,0.021
e-262,LLHFQVNGGGTPALAF,0,1,0.646
e-263,KGLFTCSGGPNYLITF,0,0,0.483
e-264,WGSYAHKKGATIDRKR,0,1,0.913
e-265,QRFNQTGGAHMFQWMY,0,1,0.593
e-266,LAIRSAGREIERLGTQ,0,0,0.143
e-267,LSFLYSTASLVLYLGF,0,0,0
e-268,GASFFFICLYMHIARG,0,0,0.023
e-269,APTPQAVITKLKWDSD,0,0,0.382
e-270,KVMAHTFPNEPSPQGM,0,1,0.93
e-271,WGKVDINEVGPLALAR,0,0,0.001
e-272,ESTADWAKNLNREDFR,0,0,0.423
e-273,PPGQRDLLFKDSALGF,0,0,0.448
e-274,GYNANFCAGACPYLWS,0,1,0.708
e-275,RDLSEYDQVSILKNGT,0,1,0.597
e-276,VLSMGNTVYGQLGNPR,0,1,0.652
e-277,YSFTYPIRIRSQPYQG,0,1,0.741
e-278,ERERESSRKPWSSAPS,0,1,0.999
e-279,YGFNPRAPIDILPLPT,0,0,0.287
e-280,PVGQELNKPAEVTLLN,0,1,0.643
e-281,GGEKGLPLSGGIKNRP,0,0,0.02
e-282,PSPLQIHDRDATPPFF,0,0,0.4
e-283,SSTAADCTMARIAFPC,0,0,0.455
e-284,GVPSVPSQLGLTKFFY,0,0,0.21
e-285,KKREEMAGVIRKMRSA,0,0,0.209
e-286,HVDSDRDLRHLSRLRY,0,0,0.004
e-287,NFRKVVVTGGYLRLMQ,0,0,0.403
e-288,GTMGVGLGFCVAAAVA,0,0,0.168
e-289,TILRHHDQFLRPRVTP,0,1,0.689
e-290,PARDGIAAAAIYRSMC,0,1,0.712
e-291,KQVKYACVDAFLSHRL,0,1,0.687
e-292,RCDANRGIFIICNYEP,0,0,0.117
e-293,RQLGMGQLPIGLFFAD,0,0,0.203
e-294,ADGNTVFTFTRSGPYY,0,1,0.926
e-295,GAGSRPWPELLGSAHW,0,0,0.451
e-296,KPGGHALLTSPCLPAR,0,0,0.014
e-297,VCISVVFDGYHWVHIL,0,0,0.369
e-298,FFLATGFHGFHVIIGT,0,0,0.054
e-299,RRNDGDGDDNIRAGDI,0,1,0.971
e-300,RAWYQCFATYIRQLGF,0,1,0.648
e-301,GCGTENLGSTDNSSGL,0,1,0.971
e-302,RGGGVAAGETGRGGRA,0,1,1
e-303,VKEEFTFPAGSAPFNS,0,1,0.853
e-304,VMTAKYYSPAVPIEIQ,0,1,0.735
e-305,GSIFFLIGVLGMGLYG,0,0,0.001
e-306,RQKLEQKYHLIRRSSK,0,1,0.707
e-307,RLPKSLLLASLSKPFL,0,0,0
e-308,VAPVGCFEASGAREIH,0,1,0.793
e-309,LSVRVYLGPETTRSMA,0,1,0.794
e-310,EQPIRSLVTLAFADLL,0,0,0
e-311,CLLNVSFKIFTKVATN,0,0,0.123
e-312,TTTNGAPNGTVHSNSG,0,1,0.991
e-313,ILLAAGSRAFGLVASK,0,0,0.001
e-314,NILILSGDHLYRMDYM,0,0,0.001
e-315,VDYSFINKGAGVDQAD,0,0,0.442
e-316,SHNAPIVENGYNEEEM,0,1,0.97
e-317,IEPYCISAMNRQGTED,0,1,0.668
e-318,RGVTRHHQHGRWQARI,0,1,0.9
e-319,GDLLHQGTVRPPFFEF,0,1,0.552
e-320,MGTMDPCRQYMMQTLG,0,1,0.814
e-321,KSERQARKEVATLRAA,0,0,0.101
e-322,LMSNFFAQPDALAYGK,0,0,0.231
e-323,ATLVGSGNLISNKRPA,0,0,0.045
e-324,ELKEWAFFFDEKREAF,0,1,0.757
e-325,HAWTFWFDNPQGKSKQ,0,1,0.761
e-326,VVSATAISAAVFTYRV,0,0,0.012
e-327,YDTVSKYLESIKSQFS,0,0,0.065
e-328,FAHGTFETWLHPSRYR,0,0,0.483
e-329,PAPYEKSKSLGSGGSM,0,0,0.003
e-330,ICRCNDVGDQICRRDD,0,0,0.19
e-331,IEFKEFLGLMARKLRD,0,0,0.003
e-332,RKLFLYNVTIGLYGLD,0,0,0.005
e-333,DLGIPQLCEVITVKGG,0,0,0.294
e-334,VTDSGGGSAEEMARTA,0,1,0.748
e-335,VGLDGDGALSTAASTA,0,0,0.426
e-336,CDGATGAVANVSLQGK,0,0,0.384
e-337,PLGDGYVPGGVLTSLD,0,1,1
e-338,LSVALASSLDTVAELE,0,0,0.001
e-339,YLFGPRDLMPVVNVVV,0,1,0.707
e-340,RAHEGSTPKAGEYEKA,0,1,0.87
e-341,EEMGASEGRERGGSGD,0,1,0.999
e-342,ACPGVVSCADVVAFAG,0,0,0.072
e-343,KFTPGKPAAWKNDSKG,0,1,0.997
e-344,RGDAWASPYGADGGDT,0,1,1
e-345,HNASLNTPLLDSHGRF,0,0,0.13
e-346,TVDDWRDHGETVQIGR,0,1,0.598
e-347,PASDACDGEETKARGG,0,1,0.787
e-348,RQRGGGAAEGATAALG,0,1,0.892
e-349,LNEAWDQYVARGGRHK,0,1,0.831
e-350,LLGCALICDETTETFI,0,0,0.026
e-351,ARRRGSRHTHTPHRDS,0,0,0.475
e-352,AAALCEKKRLAVAVAA,0,0,0
e-353,TVGTLAAGSYYDEDVV,0,0,0.106
e-354,ATHCENSAVARDACRE,0,0,0.078
e-355,NCAPRYHKLDFPIFPN,0,1,0.688
e-356,QLPAAQTGDTIIQLYN,0,1,0.984
e-357,SPEVAEELGVYMVAFD,0,1,0.544
e-358,SAAAAADARGGMSGFA,0,1,0.872
e-359,NNKRLIHFSTCEVYGK,0,0,0.265
e-360,PEASSLWMPTSPLQSP,0,1,0.974
e-361,EGEAAQSTGAATSALQ,0,0,0.37
e-362,HADLLLIAHFPDELNL,0,0,0.001
e-363,SSPDGKEKKGILGKIM,0,1,0.999
e-364,RSSSSSPPRALPFSAA,0,1,0.902
e-365,RAVFQDVLSELLLVLG,0,0,0
e-366,PQSSRKKDQAGQGQDS,0,1,0.948
e-367,THEIRKSLDRHTILYT,0,0,0.268
e-368,THRRRRRSVFSSPAKR,0,0,0.16
e-369,RDLGTRGNRQKTRMMW,0,1,0.886
e-370,SKEYVELSRKAVGYCG,0,0,0.494
e-371,ALSSPSFAGQAVKLSP,0,0,0.076
e-372,PPPPAEEKEKPDDSKA,0,1,1
e-373,QHQEEEKKGGALDKIK,0,1,1
e-374,PNVPPRIPKGFVAHNH,0,1,0.977
e-375,LALGILLVFLLQYLVA,0,0,0
e-376,LEKEVIRRTRLSKGSA,0,1,0.71
e-377,LWPDSKGKMLNDCGSG,0,1,0.73
e-378,RQPMSPRWIWRRTDRS,0,1,0.795
e-379,AYNTFSRGTLKVAVSM,0,0,0.222
e-380,KGATVFSKIDLRSGYH,0,0,0.012
e-381,PATLEILFYFGFFIAY,0,0,0.006
e-382,LEQKYHLIRRSSKKKI,0,1,0.719
e-383,VYERLGLDVELSLAET,0,0,0
e-384,RALKVAKRKLGTHKRA,0,0,0.004
e-385,QAEAPQDLIKEAVLFH,0,1,0.856
e-386,DSLHAIDGVVTFVFGL,0,0,0.036
e-387,IELRKPHVGIVGDAKR,0,0,0.024
e-388,ASRDDVSDSGEDEDEQ,0,1,1
